,Date,Country,Confirmed,Death,Recovered,Active
0,2003-03-17,Germany,1,0,0,1
1,2003-03-17,Canada,8,2,0,6
2,2003-03-17,Singapore,20,0,0,20
3,2003-03-17,"Hong Kong SAR, China",95,1,0,94
4,2003-03-17,Switzerland,2,0,0,2
5,2003-03-17,Thailand,1,0,0,1
6,2003-03-17,Viet Nam,40,1,0,39
7,2003-03-18,Germany,2,0,0,2
8,2003-03-18,Canada,8,2,0,6
9,2003-03-18,China,0,0,0,0
10,2003-03-18,Singapore,23,0,0,23
11,2003-03-18,"Hong Kong SAR, China",123,1,0,122
12,2003-03-18,"Taiwan, China",3,0,0,3
13,2003-03-18,Thailand,1,0,0,1
14,2003-03-18,Viet Nam,57,1,0,56
15,2003-03-18,Slovenia,1,0,0,1
16,2003-03-18,United Kingdom,1,0,0,1
17,2003-03-19,Canada,8,2,0,6
18,2003-03-19,China,0,0,0,0
19,2003-03-19,Germany,1,0,0,1
20,2003-03-19,"Hong Kong SAR, China",150,5,0,145
21,2003-03-19,Singapore,31,0,0,31
22,2003-03-19,Slovenia,1,0,0,1
23,2003-03-19,Spain,1,0,0,1
24,2003-03-19,"Taiwan, China",3,0,0,3
25,2003-03-19,Thailand,1,0,0,1
26,2003-03-19,United Kingdom,1,0,0,1
27,2003-03-19,United States,11,0,0,11
28,2003-03-19,Viet Nam,56,2,0,54
29,2003-03-20,Canada,9,2,0,7
30,2003-03-20,China,0,0,0,0
31,2003-03-20,Germany,1,0,0,1
32,2003-03-20,"Hong Kong SAR, China",173,6,0,167
33,2003-03-20,Singapore,34,0,0,34
34,2003-03-20,Slovenia,1,0,0,1
35,2003-03-20,Spain,1,0,0,1
36,2003-03-20,Switzerland,7,0,0,7
37,2003-03-20,"Taiwan, China",4,0,0,4
38,2003-03-20,Thailand,1,0,0,1
39,2003-03-20,United Kingdom,2,0,0,2
40,2003-03-20,United States,11,0,0,11
41,2003-03-20,Viet Nam,62,2,0,60
42,2003-03-21,Canada,9,2,0,7
43,2003-03-21,China,0,0,0,0
44,2003-03-21,Germany,1,0,0,1
45,2003-03-21,"Hong Kong SAR, China",203,6,0,197
46,2003-03-21,Italy,1,0,0,1
47,2003-03-21,Republic of Ireland,1,0,0,1
48,2003-03-21,Singapore,39,0,0,39
49,2003-03-21,Slovenia,1,0,0,1
50,2003-03-21,Spain,1,0,0,1
51,2003-03-21,Switzerland,7,0,0,7
52,2003-03-21,"Taiwan, China",6,0,0,6
53,2003-03-21,Thailand,4,0,0,4
54,2003-03-21,United Kingdom,2,0,0,2
55,2003-03-21,United States,13,0,0,13
56,2003-03-21,Viet Nam,62,2,0,60
57,2003-03-22,Canada,9,2,0,7
58,2003-03-22,China,0,0,0,0
59,2003-03-22,Germany,2,0,0,2
60,2003-03-22,"Hong Kong SAR, China",222,7,0,215
61,2003-03-22,Italy,2,0,0,2
62,2003-03-22,Republic of Ireland,1,0,0,1
63,2003-03-22,Singapore,44,0,0,44
64,2003-03-22,Slovenia,1,0,0,1
65,2003-03-22,Spain,1,0,0,1
66,2003-03-22,Switzerland,7,0,0,7
67,2003-03-22,"Taiwan, China",6,0,0,6
68,2003-03-22,Thailand,4,0,0,4
69,2003-03-22,United Kingdom,2,0,0,2
70,2003-03-22,United States,22,0,0,22
71,2003-03-22,Viet Nam,63,2,0,61
72,2003-03-24,Canada,11,3,0,8
73,2003-03-24,China,0,0,0,0
74,2003-03-24,France,1,0,0,1
75,2003-03-24,Germany,4,0,0,4
76,2003-03-24,"Hong Kong SAR, China",260,10,0,250
77,2003-03-24,Italy,2,0,0,2
78,2003-03-24,Republic of Ireland,1,0,0,1
79,2003-03-24,Singapore,65,0,0,65
80,2003-03-24,Spain,1,0,0,1
81,2003-03-24,Switzerland,2,0,0,2
82,2003-03-24,"Taiwan, China",6,0,0,6
83,2003-03-24,Thailand,5,0,0,5
84,2003-03-24,United Kingdom,3,0,0,3
85,2003-03-24,United States,37,0,0,37
86,2003-03-24,Viet Nam,58,4,0,54
87,2003-03-25,Canada,11,3,0,8
88,2003-03-25,China,0,0,0,0
89,2003-03-25,France,1,0,0,1
90,2003-03-25,Germany,4,0,0,4
91,2003-03-25,"Hong Kong SAR, China",286,10,0,276
92,2003-03-25,Italy,2,0,0,2
93,2003-03-25,Republic of Ireland,1,0,0,1
94,2003-03-25,Singapore,69,0,0,69
95,2003-03-25,Switzerland,2,0,0,2
96,2003-03-25,"Taiwan, China",6,0,0,6
97,2003-03-25,Thailand,5,0,0,5
98,2003-03-25,United Kingdom,3,0,0,3
99,2003-03-25,United States,39,0,0,39
100,2003-03-25,Viet Nam,58,4,0,54
101,2003-03-26,Canada,19,3,0,16
102,2003-03-26,China,792,31,0,761
103,2003-03-26,"Hong Kong SAR, China",316,10,0,306
104,2003-03-26,"Taiwan, China",6,0,0,6
105,2003-03-26,France,1,0,0,1
106,2003-03-26,Germany,4,0,0,4
107,2003-03-26,Italy,3,0,0,3
108,2003-03-26,Republic of Ireland,2,0,0,2
109,2003-03-26,Singapore,74,1,0,73
110,2003-03-26,Switzerland,2,0,0,2
111,2003-03-26,Thailand,3,0,0,3
112,2003-03-26,United Kingdom,3,0,0,3
113,2003-03-26,United States,40,0,0,40
114,2003-03-26,Viet Nam,58,4,0,54
115,2003-03-27,Canada,28,3,0,25
116,2003-03-27,China,806,34,0,772
117,2003-03-27,"Hong Kong SAR, China",367,10,0,357
118,2003-03-27,"Taiwan, China",6,0,0,6
119,2003-03-27,France,1,0,0,1
120,2003-03-27,Germany,4,0,0,4
121,2003-03-27,Italy,2,0,0,2
122,2003-03-27,Republic of Ireland,2,0,0,2
123,2003-03-27,Romania,3,0,0,3
124,2003-03-27,Singapore,78,2,0,76
125,2003-03-27,Switzerland,2,0,0,2
126,2003-03-27,Thailand,3,0,0,3
127,2003-03-27,United Kingdom,3,0,0,3
128,2003-03-27,United States,45,0,0,45
129,2003-03-27,Viet Nam,58,4,0,54
130,2003-03-28,Canada,29,3,0,26
131,2003-03-28,China,806,34,0,772
132,2003-03-28,"Hong Kong SAR, China",425,10,0,415
133,2003-03-28,"Taiwan, China",10,0,0,10
134,2003-03-28,France,1,0,0,1
135,2003-03-28,Germany,4,0,0,4
136,2003-03-28,Italy,2,0,0,2
137,2003-03-28,Republic of Ireland,2,0,0,2
138,2003-03-28,Romania,3,0,0,3
139,2003-03-28,Singapore,86,2,0,84
140,2003-03-28,Switzerland,2,0,0,2
141,2003-03-28,Thailand,3,0,0,3
142,2003-03-28,United Kingdom,3,0,0,3
143,2003-03-28,United States,51,0,0,51
144,2003-03-28,Viet Nam,58,4,0,54
145,2003-03-29,Canada,37,3,0,34
146,2003-03-29,China,806,34,0,772
147,2003-03-29,"Hong Kong SAR, China",470,10,0,460
148,2003-03-29,"Taiwan, China",10,0,0,10
149,2003-03-29,France,1,0,0,1
150,2003-03-29,Germany,4,0,0,4
151,2003-03-29,Italy,2,0,0,2
152,2003-03-29,Republic of Ireland,2,0,0,2
153,2003-03-29,Romania,3,0,0,3
154,2003-03-29,Singapore,89,2,0,87
155,2003-03-29,Switzerland,3,0,0,3
156,2003-03-29,Thailand,3,1,0,2
157,2003-03-29,United Kingdom,3,0,0,3
158,2003-03-29,United States,59,0,0,59
159,2003-03-29,Viet Nam,58,4,0,54
160,2003-03-31,Canada,44,4,0,40
161,2003-03-31,China,806,34,0,772
162,2003-03-31,"Hong Kong SAR, China",530,13,0,517
163,2003-03-31,"Taiwan, China",10,0,0,10
164,2003-03-31,France,1,0,0,1
165,2003-03-31,Germany,5,0,0,5
166,2003-03-31,Italy,2,0,0,2
167,2003-03-31,Republic of Ireland,2,0,0,2
168,2003-03-31,Romania,3,0,0,3
169,2003-03-31,Singapore,91,2,0,89
170,2003-03-31,Switzerland,3,0,0,3
171,2003-03-31,Thailand,5,1,0,4
172,2003-03-31,United Kingdom,3,0,0,3
173,2003-03-31,United States,59,0,0,59
174,2003-03-31,Viet Nam,58,4,0,54
175,2003-04-01,Australia,1,0,0,1
176,2003-04-01,Belgium,1,0,0,1
177,2003-04-01,Canada,53,4,0,49
178,2003-04-01,China,806,34,0,772
179,2003-04-01,"Hong Kong SAR, China",685,16,0,669
180,2003-04-01,"Taiwan, China",13,0,0,13
181,2003-04-01,France,1,0,0,1
182,2003-04-01,Germany,5,0,0,5
183,2003-04-01,Italy,3,0,0,3
184,2003-04-01,Republic of Ireland,2,0,0,2
185,2003-04-01,Romania,3,0,0,3
186,2003-04-01,Singapore,92,3,0,89
187,2003-04-01,Switzerland,3,0,0,3
188,2003-04-01,Thailand,6,1,0,5
189,2003-04-01,United Kingdom,3,0,0,3
190,2003-04-01,United States,69,0,0,69
191,2003-04-01,Viet Nam,58,4,0,54
192,2003-04-02,Australia,1,0,0,1
193,2003-04-02,Belgium,1,0,0,1
194,2003-04-02,Canada,58,6,0,52
195,2003-04-02,China,1190,46,0,1144
196,2003-04-02,"Hong Kong SAR, China",708,16,0,692
197,2003-04-02,"Taiwan, China",13,0,0,13
198,2003-04-02,France,1,0,0,1
199,2003-04-02,Germany,5,0,0,5
200,2003-04-02,Italy,3,0,0,3
201,2003-04-02,Republic of Ireland,2,0,0,2
202,2003-04-02,Romania,3,0,0,3
203,2003-04-02,Singapore,95,4,0,91
204,2003-04-02,Spain,1,0,0,1
205,2003-04-02,Switzerland,2,0,0,2
206,2003-04-02,Thailand,7,2,0,5
207,2003-04-02,United Kingdom,3,0,0,3
208,2003-04-02,United States,72,0,0,72
209,2003-04-02,Viet Nam,58,4,0,54
210,2003-04-03,Australia,1,0,0,1
211,2003-04-03,Belgium,1,0,0,1
212,2003-04-03,Brazil,1,0,0,1
213,2003-04-03,Canada,62,6,0,56
214,2003-04-03,China,1190,46,0,1144
215,2003-04-03,"Hong Kong SAR, China",734,17,0,717
216,2003-04-03,"Taiwan, China",14,0,0,14
217,2003-04-03,France,3,0,0,3
218,2003-04-03,Germany,5,0,0,5
219,2003-04-03,Italy,3,0,0,3
220,2003-04-03,Republic of Ireland,1,0,0,1
221,2003-04-03,Romania,1,0,0,1
222,2003-04-03,Singapore,98,4,0,94
223,2003-04-03,Switzerland,2,0,0,2
224,2003-04-03,Thailand,7,2,0,5
225,2003-04-03,United Kingdom,3,0,0,3
226,2003-04-03,United States,85,0,0,85
227,2003-04-03,Viet Nam,59,4,0,55
228,2003-04-04,Australia,1,0,0,1
229,2003-04-04,Belgium,1,0,0,1
230,2003-04-04,Brazil,1,0,0,1
231,2003-04-04,Canada,69,7,0,62
232,2003-04-04,China,1220,49,0,1171
233,2003-04-04,"Hong Kong SAR, China",761,17,0,744
234,2003-04-04,"Taiwan, China",15,0,0,15
235,2003-04-04,France,3,0,0,3
236,2003-04-04,Germany,5,0,0,5
237,2003-04-04,Italy,3,0,0,3
238,2003-04-04,Republic of Ireland,1,0,0,1
239,2003-04-04,Romania,1,0,0,1
240,2003-04-04,Singapore,100,5,0,95
241,2003-04-04,Spain,1,0,0,1
242,2003-04-04,Switzerland,2,0,0,2
243,2003-04-04,Thailand,7,2,0,5
244,2003-04-04,United Kingdom,3,0,0,3
245,2003-04-04,United States,100,0,0,100
246,2003-04-04,Viet Nam,59,4,0,55
247,2003-04-05,Australia,1,0,0,1
248,2003-04-05,Belgium,1,0,0,1
249,2003-04-05,Brazil,1,0,0,1
250,2003-04-05,Canada,74,7,0,67
251,2003-04-05,China,1220,49,0,1171
252,2003-04-05,"Hong Kong SAR, China",800,20,0,780
253,2003-04-05,"Taiwan, China",17,0,0,17
254,2003-04-05,France,3,0,0,3
255,2003-04-05,Germany,5,0,0,5
256,2003-04-05,Italy,3,0,0,3
257,2003-04-05,Malaysia,1,1,0,0
258,2003-04-05,Republic of Ireland,1,0,0,1
259,2003-04-05,Romania,1,0,0,1
260,2003-04-05,Singapore,101,6,0,95
261,2003-04-05,Spain,1,0,0,1
262,2003-04-05,Switzerland,1,0,0,1
263,2003-04-05,Thailand,7,2,0,5
264,2003-04-05,United Kingdom,4,0,0,4
265,2003-04-05,United States,115,0,0,115
266,2003-04-05,Viet Nam,59,4,0,55
267,2003-04-07,Australia,1,0,0,1
268,2003-04-07,Brazil,1,0,0,1
269,2003-04-07,Canada,90,9,0,81
270,2003-04-07,China,1268,53,0,1215
271,2003-04-07,"Hong Kong SAR, China",883,23,0,860
272,2003-04-07,"Taiwan, China",21,0,0,21
273,2003-04-07,France,3,0,0,3
274,2003-04-07,Germany,5,0,0,5
275,2003-04-07,Italy,3,0,0,3
276,2003-04-07,Malaysia,1,1,0,0
277,2003-04-07,Republic of Ireland,1,0,0,1
278,2003-04-07,Romania,1,0,0,1
279,2003-04-07,Singapore,106,6,0,100
280,2003-04-07,Spain,1,0,0,1
281,2003-04-07,Switzerland,1,0,0,1
282,2003-04-07,Thailand,7,2,0,5
283,2003-04-07,United Kingdom,5,0,0,5
284,2003-04-07,United States,141,0,0,141
285,2003-04-07,Viet Nam,62,4,0,58
286,2003-04-08,Australia,1,0,0,1
287,2003-04-08,Brazil,1,0,0,1
288,2003-04-08,Canada,91,10,0,81
289,2003-04-08,China,1279,53,0,1226
290,2003-04-08,"Hong Kong SAR, China",928,25,0,903
291,2003-04-08,"Taiwan, China",19,0,0,19
292,2003-04-08,France,4,0,0,4
293,2003-04-08,Germany,5,0,0,5
294,2003-04-08,Italy,3,0,0,3
295,2003-04-08,Malaysia,1,1,0,0
296,2003-04-08,Republic of Ireland,1,0,0,1
297,2003-04-08,Romania,1,0,0,1
298,2003-04-08,Singapore,113,8,0,105
299,2003-04-08,Spain,1,0,0,1
300,2003-04-08,Switzerland,1,0,0,1
301,2003-04-08,Thailand,7,2,0,5
302,2003-04-08,United Kingdom,5,0,0,5
303,2003-04-08,United States,148,0,0,148
304,2003-04-08,Viet Nam,62,4,0,58
305,2003-04-09,Brazil,1,0,0,1
306,2003-04-09,Canada,94,10,0,84
307,2003-04-09,China,1280,53,0,1227
308,2003-04-09,"Hong Kong SAR, China",970,27,0,943
309,2003-04-09,"Taiwan, China",19,0,0,19
310,2003-04-09,France,4,0,0,4
311,2003-04-09,Germany,5,0,0,5
312,2003-04-09,Italy,3,0,0,3
313,2003-04-09,Malaysia,1,1,0,0
314,2003-04-09,Republic of Ireland,1,0,0,1
315,2003-04-09,Romania,1,0,0,1
316,2003-04-09,Singapore,118,9,0,109
317,2003-04-09,Spain,1,0,0,1
318,2003-04-09,Switzerland,1,0,0,1
319,2003-04-09,Thailand,7,2,0,5
320,2003-04-09,United Kingdom,5,0,0,5
321,2003-04-09,United States,149,0,0,149
322,2003-04-09,Viet Nam,62,4,0,58
323,2003-04-10,Brazil,2,0,0,2
324,2003-04-10,Canada,97,10,22,65
325,2003-04-10,China,1290,55,1025,210
326,2003-04-10,"Hong Kong SAR, China",998,30,154,814
327,2003-04-10,"Taiwan, China",19,0,5,14
328,2003-04-10,France,4,0,0,4
329,2003-04-10,Germany,6,0,2,4
330,2003-04-10,Italy,3,0,1,2
331,2003-04-10,Kuwait,1,0,0,1
332,2003-04-10,Malaysia,3,1,0,2
333,2003-04-10,Republic of Ireland,1,0,1,0
334,2003-04-10,Romania,1,0,0,1
335,2003-04-10,Singapore,126,9,75,42
336,2003-04-10,Spain,1,0,0,1
337,2003-04-10,Switzerland,1,0,1,0
338,2003-04-10,Thailand,7,2,5,0
339,2003-04-10,United Kingdom,5,0,3,2
340,2003-04-10,United States,154,0,0,154
341,2003-04-10,Viet Nam,62,4,43,15
342,2003-04-11,Brazil,2,0,0,2
343,2003-04-11,Canada,98,10,25,63
344,2003-04-11,China,1309,58,1037,214
345,2003-04-11,"Hong Kong SAR, China",1059,32,169,858
346,2003-04-11,"Taiwan, China",21,0,6,15
347,2003-04-11,France,5,0,0,5
348,2003-04-11,Germany,6,0,4,2
349,2003-04-11,Italy,3,0,2,1
350,2003-04-11,Japan,4,0,0,4
351,2003-04-11,Kuwait,1,0,0,1
352,2003-04-11,Malaysia,4,1,0,3
353,2003-04-11,Republic of Ireland,1,0,1,0
354,2003-04-11,Romania,1,0,0,1
355,2003-04-11,Singapore,133,9,77,47
356,2003-04-11,South Africa,1,0,0,1
357,2003-04-11,Spain,1,0,0,1
358,2003-04-11,Switzerland,1,0,1,0
359,2003-04-11,Thailand,7,2,5,0
360,2003-04-11,United Kingdom,5,0,3,2
361,2003-04-11,United States,166,0,0,166
362,2003-04-11,Viet Nam,62,4,43,15
363,2003-04-12,Brazil,2,0,0,2
364,2003-04-12,Canada,101,10,26,65
365,2003-04-12,China,1309,58,1037,214
366,2003-04-12,"Hong Kong SAR, China",1108,35,215,858
367,2003-04-12,"Taiwan, China",23,0,7,16
368,2003-04-12,France,5,0,1,4
369,2003-04-12,Germany,6,0,4,2
370,2003-04-12,Italy,3,0,2,1
371,2003-04-12,Japan,4,0,0,4
372,2003-04-12,Kuwait,1,0,0,1
373,2003-04-12,Malaysia,4,1,0,3
374,2003-04-12,Republic of Ireland,1,0,1,0
375,2003-04-12,Romania,1,0,0,1
376,2003-04-12,Singapore,147,9,77,61
377,2003-04-12,South Africa,1,0,0,1
378,2003-04-12,Spain,1,0,0,1
379,2003-04-12,Switzerland,1,0,1,0
380,2003-04-12,Thailand,8,2,5,1
381,2003-04-12,United Kingdom,6,0,3,3
382,2003-04-12,United States,166,0,0,166
383,2003-04-12,China,62,4,46,12
384,2003-04-14,Brazil,2,0,0,2
385,2003-04-14,Canada,100,13,27,60
386,2003-04-14,China,1418,64,1088,266
387,2003-04-14,"Hong Kong SAR, China",1190,47,229,914
388,2003-04-14,"Taiwan, China",23,0,7,16
389,2003-04-14,France,5,0,1,4
390,2003-04-14,Germany,6,0,4,2
391,2003-04-14,Indonesia,1,0,0,1
392,2003-04-14,Italy,3,0,2,1
393,2003-04-14,Kuwait,1,0,0,1
394,2003-04-14,Malaysia,4,1,0,3
395,2003-04-14,Philippines,1,0,1,0
396,2003-04-14,Republic of Ireland,1,0,1,0
397,2003-04-14,Romania,1,0,0,1
398,2003-04-14,Singapore,158,12,84,62
399,2003-04-14,South Africa,1,0,0,1
400,2003-04-14,Spain,1,0,0,1
401,2003-04-14,Sweden,1,0,0,1
402,2003-04-14,Switzerland,1,0,1,0
403,2003-04-14,Thailand,8,2,5,1
404,2003-04-14,United Kingdom,6,0,3,3
405,2003-04-14,United States,174,0,0,174
406,2003-04-14,Viet Nam,63,5,46,12
407,2003-04-15,Brazil,2,0,0,2
408,2003-04-15,Canada,100,13,27,60
409,2003-04-15,China,1418,64,1088,266
410,2003-04-15,"Hong Kong SAR, China",1232,56,243,933
411,2003-04-15,"Taiwan, China",23,0,7,16
412,2003-04-15,France,5,0,1,4
413,2003-04-15,Germany,6,0,4,2
414,2003-04-15,Indonesia,1,0,0,1
415,2003-04-15,Italy,3,0,2,1
416,2003-04-15,Japan,1,0,0,1
417,2003-04-15,Kuwait,1,0,0,1
418,2003-04-15,Malaysia,4,1,0,3
419,2003-04-15,Philippines,1,0,1,0
420,2003-04-15,Republic of Ireland,1,0,1,0
421,2003-04-15,Romania,1,0,1,0
422,2003-04-15,Singapore,162,13,85,64
423,2003-04-15,South Africa,1,0,0,1
424,2003-04-15,Spain,1,0,0,1
425,2003-04-15,Sweden,1,0,0,1
426,2003-04-15,Switzerland,1,0,1,0
427,2003-04-15,Thailand,8,2,5,1
428,2003-04-15,United Kingdom,6,0,3,3
429,2003-04-15,United States,193,0,0,193
430,2003-04-15,Viet Nam,63,5,46,12
431,2003-04-16,Brazil,2,0,0,2
432,2003-04-16,Canada,103,13,37,53
433,2003-04-16,China,1432,64,1094,274
434,2003-04-16,"Hong Kong SAR, China",1268,61,257,950
435,2003-04-16,"Taiwan, China",27,0,10,17
436,2003-04-16,France,5,0,1,4
437,2003-04-16,Germany,6,0,4,2
438,2003-04-16,Indonesia,1,0,0,1
439,2003-04-16,Italy,3,0,2,1
440,2003-04-16,Japan,1,0,0,1
441,2003-04-16,Kuwait,1,0,0,1
442,2003-04-16,Malaysia,5,1,0,4
443,2003-04-16,Philippines,1,0,1,0
444,2003-04-16,Republic of Ireland,1,0,1,0
445,2003-04-16,Romania,1,0,1,0
446,2003-04-16,Singapore,162,13,85,64
447,2003-04-16,South Africa,1,0,0,1
448,2003-04-16,Spain,1,0,0,1
449,2003-04-16,Sweden,1,0,0,1
450,2003-04-16,Switzerland,1,0,1,0
451,2003-04-16,Thailand,8,2,5,1
452,2003-04-16,United Kingdom,6,0,3,3
453,2003-04-16,United States,193,0,0,193
454,2003-04-16,Viet Nam,63,5,46,12
455,2003-04-17,Australia,3,0,3,0
456,2003-04-17,Brazil,2,0,0,2
457,2003-04-17,Canada,126,12,46,68
458,2003-04-17,China,1457,65,1107,285
459,2003-04-17,"Hong Kong SAR, China",1297,65,272,960
460,2003-04-17,"Taiwan, China",27,0,10,17
461,2003-04-17,France,5,0,1,4
462,2003-04-17,Germany,6,0,4,2
463,2003-04-17,India,1,0,0,1
464,2003-04-17,Indonesia,1,0,0,1
465,2003-04-17,Italy,3,0,2,1
466,2003-04-17,Japan,2,0,0,2
467,2003-04-17,Kuwait,1,0,0,1
468,2003-04-17,Malaysia,5,1,0,4
469,2003-04-17,Mongolia,3,0,3,0
470,2003-04-17,Philippines,1,0,1,0
471,2003-04-17,Republic of Ireland,1,0,1,0
472,2003-04-17,Romania,1,0,1,0
473,2003-04-17,Singapore,167,15,91,61
474,2003-04-17,South Africa,1,0,0,1
475,2003-04-17,Spain,1,0,0,1
476,2003-04-17,Sweden,1,0,0,1
477,2003-04-17,Switzerland,1,0,1,0
478,2003-04-17,Thailand,8,2,5,1
479,2003-04-17,United Kingdom,6,0,3,3
480,2003-04-17,United States,199,0,0,199
481,2003-04-17,Viet Nam,63,5,46,12
482,2003-04-18,Australia,3,0,3,0
483,2003-04-18,Brazil,2,0,0,2
484,2003-04-18,Canada,132,12,54,66
485,2003-04-18,China,1512,65,1140,307
486,2003-04-18,"Hong Kong SAR, China",1358,81,363,914
487,2003-04-18,"Taiwan, China",29,0,17,12
488,2003-04-18,France,5,0,1,4
489,2003-04-18,Germany,6,0,4,2
490,2003-04-18,India,1,0,1,0
491,2003-04-18,Indonesia,1,0,0,1
492,2003-04-18,Italy,3,0,2,1
493,2003-04-18,Japan,4,0,0,4
494,2003-04-18,Kuwait,1,0,0,1
495,2003-04-18,Malaysia,5,1,0,4
496,2003-04-18,Mongolia,3,0,3,0
497,2003-04-18,Philippines,1,0,1,0
498,2003-04-18,Republic of Ireland,1,0,1,0
499,2003-04-18,Romania,1,0,1,0
500,2003-04-18,Singapore,177,16,100,61
501,2003-04-18,South Africa,1,0,0,1
502,2003-04-18,Spain,1,0,0,1
503,2003-04-18,Sweden,3,0,0,3
504,2003-04-18,Switzerland,1,0,1,0
505,2003-04-18,Thailand,7,2,6,-1
506,2003-04-18,United Kingdom,6,0,5,1
507,2003-04-18,United States,220,0,0,220
508,2003-04-18,Viet Nam,63,5,46,12
509,2003-04-19,Australia,3,0,3,0
510,2003-04-19,Brazil,2,0,0,2
511,2003-04-19,Canada,132,12,54,66
512,2003-04-19,China,1512,65,1140,307
513,2003-04-19,"Hong Kong SAR, China",1358,81,363,914
514,2003-04-19,"Taiwan, China",29,0,17,12
515,2003-04-19,France,5,0,1,4
516,2003-04-19,Germany,6,0,4,2
517,2003-04-19,India,1,0,1,0
518,2003-04-19,Indonesia,1,0,0,1
519,2003-04-19,Italy,3,0,2,1
520,2003-04-19,Japan,4,0,0,4
521,2003-04-19,Kuwait,1,0,0,1
522,2003-04-19,Malaysia,5,1,0,4
523,2003-04-19,Mongolia,3,0,3,0
524,2003-04-19,Philippines,1,0,1,0
525,2003-04-19,Republic of Ireland,1,0,1,0
526,2003-04-19,Romania,1,0,1,0
527,2003-04-19,Singapore,177,16,100,61
528,2003-04-19,South Africa,1,0,0,1
529,2003-04-19,Spain,1,0,0,1
530,2003-04-19,Sweden,3,0,0,3
531,2003-04-19,Switzerland,1,0,1,0
532,2003-04-19,Thailand,7,2,6,-1
533,2003-04-19,United Kingdom,6,0,5,1
534,2003-04-19,United States,220,0,0,220
535,2003-04-19,Viet Nam,63,5,46,12
536,2003-04-21,Australia,3,0,3,0
537,2003-04-21,Brazil,2,0,0,2
538,2003-04-21,Canada,132,12,54,66
539,2003-04-21,China,1959,86,1187,686
540,2003-04-21,"Hong Kong SAR, China",1402,94,436,872
541,2003-04-21,"Taiwan, China",29,0,17,12
542,2003-04-21,France,5,0,1,4
543,2003-04-21,Germany,6,0,4,2
544,2003-04-21,India,1,0,1,0
545,2003-04-21,Indonesia,1,0,0,1
546,2003-04-21,Italy,3,0,2,1
547,2003-04-21,Japan,5,0,0,5
548,2003-04-21,Kuwait,1,0,1,0
549,2003-04-21,Malaysia,6,1,0,5
550,2003-04-21,Mongolia,3,0,3,0
551,2003-04-21,Philippines,2,1,1,0
552,2003-04-21,Republic of Ireland,1,0,1,0
553,2003-04-21,Romania,1,0,1,0
554,2003-04-21,Singapore,178,16,104,58
555,2003-04-21,South Africa,1,0,0,1
556,2003-04-21,Spain,1,0,0,1
557,2003-04-21,Sweden,3,0,0,3
558,2003-04-21,Switzerland,1,0,1,0
559,2003-04-21,Thailand,7,2,5,0
560,2003-04-21,United Kingdom,6,0,5,1
561,2003-04-21,United States,39,0,0,39
562,2003-04-21,Viet Nam,63,5,46,12
563,2003-04-22,Australia,3,0,3,0
564,2003-04-22,Brazil,2,0,0,2
565,2003-04-22,Canada,139,13,65,61
566,2003-04-22,China,2001,92,1201,708
567,2003-04-22,"Hong Kong SAR, China",1434,99,461,874
568,2003-04-22,"Taiwan, China",29,0,21,8
569,2003-04-22,France,5,0,1,4
570,2003-04-22,Germany,7,0,6,1
571,2003-04-22,India,1,0,1,0
572,2003-04-22,Indonesia,1,0,0,1
573,2003-04-22,Italy,3,0,2,1
574,2003-04-22,Japan,2,0,0,2
575,2003-04-22,Kuwait,1,0,1,0
576,2003-04-22,Malaysia,6,1,0,5
577,2003-04-22,Mongolia,3,0,3,0
578,2003-04-22,Philippines,2,1,1,0
579,2003-04-22,Republic of Ireland,1,0,1,0
580,2003-04-22,Romania,1,0,1,0
581,2003-04-22,Singapore,186,16,110,60
582,2003-04-22,South Africa,1,0,0,1
583,2003-04-22,Spain,1,0,0,1
584,2003-04-22,Sweden,3,0,0,3
585,2003-04-22,Switzerland,1,0,1,0
586,2003-04-22,Thailand,7,2,5,0
587,2003-04-22,United Kingdom,6,0,5,1
588,2003-04-22,United States,38,0,0,38
589,2003-04-22,Viet Nam,63,5,46,12
590,2003-04-23,Australia,4,0,3,1
591,2003-04-23,Brazil,2,0,0,2
592,2003-04-23,Canada,140,13,65,62
593,2003-04-23,China,2305,106,1231,968
594,2003-04-23,"Hong Kong SAR, China",1458,105,522,831
595,2003-04-23,"Taiwan, China",37,0,21,16
596,2003-04-23,France,5,0,1,4
597,2003-04-23,Germany,7,0,6,1
598,2003-04-23,India,1,0,1,0
599,2003-04-23,Indonesia,1,0,0,1
600,2003-04-23,Italy,3,0,2,1
601,2003-04-23,Japan,2,0,0,2
602,2003-04-23,Kuwait,1,0,1,0
603,2003-04-23,Malaysia,5,2,2,1
604,2003-04-23,Mongolia,3,0,3,0
605,2003-04-23,Philippines,2,1,1,0
606,2003-04-23,Republic of Ireland,1,0,1,0
607,2003-04-23,Romania,1,0,1,0
608,2003-04-23,Singapore,189,17,114,58
609,2003-04-23,South Africa,1,0,0,1
610,2003-04-23,Spain,1,0,0,1
611,2003-04-23,Sweden,3,0,0,3
612,2003-04-23,Switzerland,1,0,1,0
613,2003-04-23,Thailand,7,2,5,0
614,2003-04-23,United Kingdom,6,0,5,1
615,2003-04-23,United States,39,0,0,39
616,2003-04-23,Viet Nam,63,5,46,12
617,2003-04-24,Brazil,2,0,2,0
618,2003-04-24,Bulgaria,1,0,0,1
619,2003-04-24,Canada,140,15,67,58
620,2003-04-24,China,2422,110,1254,1058
621,2003-04-24,"Hong Kong SAR, China",1488,109,567,812
622,2003-04-24,"Taiwan, China",37,0,21,16
623,2003-04-24,France,5,0,1,4
624,2003-04-24,Germany,7,0,6,1
625,2003-04-24,India,1,0,1,0
626,2003-04-24,Indonesia,1,0,1,0
627,2003-04-24,Italy,4,0,3,1
628,2003-04-24,Japan,2,0,0,2
629,2003-04-24,Kuwait,1,0,1,0
630,2003-04-24,Malaysia,5,2,2,1
631,2003-04-24,Mongolia,3,0,3,0
632,2003-04-24,Philippines,2,1,1,0
633,2003-04-24,Republic of Ireland,1,0,1,0
634,2003-04-24,Romania,1,0,1,0
635,2003-04-24,Singapore,192,19,118,55
636,2003-04-24,South Africa,1,0,0,1
637,2003-04-24,Spain,1,0,1,0
638,2003-04-24,Sweden,3,0,2,1
639,2003-04-24,Switzerland,1,0,1,0
640,2003-04-24,Thailand,8,2,5,1
641,2003-04-24,United Kingdom,6,0,6,0
642,2003-04-24,United States,37,0,0,37
643,2003-04-24,Viet Nam,63,5,49,9
644,2003-04-25,Brazil,2,0,2,0
645,2003-04-25,Bulgaria,1,0,0,1
646,2003-04-25,Canada,140,15,74,51
647,2003-04-25,China,2601,115,1277,1209
648,2003-04-25,"Hong Kong SAR, China",1510,115,614,781
649,2003-04-25,"Taiwan, China",41,0,21,20
650,2003-04-25,France,5,0,1,4
651,2003-04-25,Germany,7,0,6,1
652,2003-04-25,India,1,0,1,0
653,2003-04-25,Indonesia,1,0,1,0
654,2003-04-25,Italy,4,0,3,1
655,2003-04-25,Japan,2,0,0,2
656,2003-04-25,Kuwait,1,0,1,0
657,2003-04-25,Malaysia,5,2,2,1
658,2003-04-25,Mongolia,3,0,3,0
659,2003-04-25,Philippines,2,1,1,0
660,2003-04-25,Republic of Ireland,1,0,1,0
661,2003-04-25,Romania,1,0,1,0
662,2003-04-25,Singapore,195,19,126,50
663,2003-04-25,South Africa,1,0,0,1
664,2003-04-25,Spain,1,0,1,0
665,2003-04-25,Sweden,3,0,2,1
666,2003-04-25,Switzerland,1,0,1,0
667,2003-04-25,Thailand,8,2,5,1
668,2003-04-25,United Kingdom,6,0,6,0
669,2003-04-25,United States,39,0,0,39
670,2003-04-25,Viet Nam,63,5,53,5
671,2003-04-26,Brazil,2,0,2,0
672,2003-04-26,Bulgaria,1,0,0,1
673,2003-04-26,Canada,142,18,77,47
674,2003-04-26,China,2753,122,1285,1346
675,2003-04-26,"Hong Kong SAR, China",1527,121,632,774
676,2003-04-26,"Taiwan, China",49,0,25,24
677,2003-04-26,France,5,0,1,4
678,2003-04-26,Germany,7,0,6,1
679,2003-04-26,India,1,0,1,0
680,2003-04-26,Indonesia,1,0,1,0
681,2003-04-26,Italy,4,0,3,1
682,2003-04-26,Japan,2,0,0,2
683,2003-04-26,Kuwait,1,0,1,0
684,2003-04-26,Malaysia,5,2,2,1
685,2003-04-26,Mongolia,5,0,3,2
686,2003-04-26,Philippines,4,2,1,1
687,2003-04-26,Republic of Ireland,1,0,1,0
688,2003-04-26,Romania,1,0,1,0
689,2003-04-26,Singapore,198,21,126,51
690,2003-04-26,South Africa,1,0,0,1
691,2003-04-26,Spain,1,0,1,0
692,2003-04-26,Sweden,3,0,2,1
693,2003-04-26,Switzerland,1,0,1,0
694,2003-04-26,Thailand,7,2,5,0
695,2003-04-26,United Kingdom,6,0,6,0
696,2003-04-26,United States,41,0,0,41
697,2003-04-26,Viet Nam,63,5,53,5
698,2003-04-28,Brazil,2,0,2,0
699,2003-04-28,Bulgaria,1,0,0,1
700,2003-04-28,Canada,142,18,77,47
701,2003-04-28,China,2914,131,1299,1484
702,2003-04-28,"Hong Kong SAR, China",1557,138,710,709
703,2003-04-28,"Taiwan, China",66,0,25,41
704,2003-04-28,France,5,0,1,4
705,2003-04-28,Germany,7,0,6,1
706,2003-04-28,India,1,0,1,0
707,2003-04-28,Indonesia,1,0,1,0
708,2003-04-28,Italy,8,0,3,5
709,2003-04-28,Japan,2,0,0,2
710,2003-04-28,Kuwait,1,0,1,0
711,2003-04-28,Malaysia,6,2,2,2
712,2003-04-28,Mongolia,5,0,3,2
713,2003-04-28,Philippines,4,2,1,1
714,2003-04-28,Republic of Ireland,1,0,1,0
715,2003-04-28,Romania,1,0,1,0
716,2003-04-28,Singapore,199,23,137,39
717,2003-04-28,South Africa,1,0,0,1
718,2003-04-28,Spain,1,0,1,0
719,2003-04-28,Sweden,3,0,2,1
720,2003-04-28,Switzerland,1,0,1,0
721,2003-04-28,Thailand,7,2,5,0
722,2003-04-28,United Kingdom,6,0,6,0
723,2003-04-28,United States,41,0,0,41
724,2003-04-28,Viet Nam,63,5,53,5
725,2003-04-29,Brazil,2,0,2,0
726,2003-04-29,Bulgaria,1,0,0,1
727,2003-04-29,Canada,146,20,86,40
728,2003-04-29,China,3303,148,1322,1833
729,2003-04-29,"Hong Kong SAR, China",1572,150,759,663
730,2003-04-29,"Taiwan, China",66,0,25,41
731,2003-04-29,France,5,0,1,4
732,2003-04-29,Germany,7,0,6,1
733,2003-04-29,India,1,0,1,0
734,2003-04-29,Indonesia,1,0,1,0
735,2003-04-29,Italy,9,0,4,5
736,2003-04-29,Japan,2,0,0,2
737,2003-04-29,Kuwait,1,0,1,0
738,2003-04-29,Malaysia,6,2,3,1
739,2003-04-29,Mongolia,5,0,3,2
740,2003-04-29,Philippines,4,2,1,1
741,2003-04-29,Republic of Ireland,1,0,1,0
742,2003-04-29,Republic of Korea,1,0,0,1
743,2003-04-29,Romania,1,0,1,0
744,2003-04-29,Singapore,201,24,139,38
745,2003-04-29,South Africa,1,0,0,1
746,2003-04-29,Spain,1,0,1,0
747,2003-04-29,Sweden,3,0,2,1
748,2003-04-29,Switzerland,1,0,1,0
749,2003-04-29,Thailand,7,2,5,0
750,2003-04-29,United Kingdom,6,0,6,0
751,2003-04-29,United States,41,0,0,41
752,2003-04-29,Viet Nam,63,5,53,5
753,2003-04-30,Brazil,2,0,2,0
754,2003-04-30,Bulgaria,1,0,0,1
755,2003-04-30,Canada,148,20,87,41
756,2003-04-30,China,3460,159,1332,1969
757,2003-04-30,"Hong Kong SAR, China",1589,157,791,641
758,2003-04-30,"Macao SAR, China",1,0,0,1
759,2003-04-30,"Taiwan, China",78,1,25,52
760,2003-04-30,France,5,0,1,4
761,2003-04-30,Germany,7,0,7,0
762,2003-04-30,Indonesia,2,0,1,1
763,2003-04-30,Italy,9,0,4,5
764,2003-04-30,Japan,2,0,0,2
765,2003-04-30,Kuwait,1,0,1,0
766,2003-04-30,Malaysia,6,2,3,1
767,2003-04-30,Mongolia,6,0,3,3
768,2003-04-30,Philippines,4,2,1,1
769,2003-04-30,Republic of Ireland,1,0,1,0
770,2003-04-30,Republic of Korea,1,0,0,1
771,2003-04-30,Romania,1,0,1,0
772,2003-04-30,Singapore,201,24,139,38
773,2003-04-30,South Africa,1,0,0,1
774,2003-04-30,Spain,1,0,1,0
775,2003-04-30,Sweden,3,0,2,1
776,2003-04-30,Switzerland,1,0,1,0
777,2003-04-30,Thailand,7,2,5,0
778,2003-04-30,United Kingdom,6,0,6,0
779,2003-04-30,United States,52,0,0,52
780,2003-04-30,Viet Nam,63,5,53,5
781,2003-05-01,Brazil,2,0,2,0
782,2003-05-01,Bulgaria,1,0,0,1
783,2003-05-01,Canada,147,20,87,40
784,2003-05-01,China,3638,170,1351,2117
785,2003-05-01,"Hong Kong SAR, China",1600,162,834,604
786,2003-05-01,"Macao SAR, China",1,0,0,1
787,2003-05-01,"Taiwan, China",89,3,25,61
788,2003-05-01,France,5,0,1,4
789,2003-05-01,Germany,7,0,7,0
790,2003-05-01,Indonesia,2,0,1,1
791,2003-05-01,Italy,9,0,4,5
792,2003-05-01,Japan,2,0,0,2
793,2003-05-01,Kuwait,1,0,1,0
794,2003-05-01,Malaysia,6,2,3,1
795,2003-05-01,Mongolia,6,0,3,3
796,2003-05-01,Philippines,4,2,1,1
797,2003-05-01,Poland,1,0,0,1
798,2003-05-01,Republic of Ireland,1,0,1,0
799,2003-05-01,Republic of Korea,1,0,0,1
800,2003-05-01,Romania,1,0,1,0
801,2003-05-01,Singapore,201,25,143,33
802,2003-05-01,South Africa,1,0,0,1
803,2003-05-01,Spain,1,0,1,0
804,2003-05-01,Sweden,3,0,2,1
805,2003-05-01,Switzerland,1,0,1,0
806,2003-05-01,Thailand,7,2,5,0
807,2003-05-01,United Kingdom,6,0,6,0
808,2003-05-01,United States,54,0,23,31
809,2003-05-01,Viet Nam,63,5,56,2
810,2003-05-02,Brazil,2,0,2,0
811,2003-05-02,Bulgaria,1,0,0,1
812,2003-05-02,Canada,149,22,93,34
813,2003-05-02,China,3799,181,1372,2246
814,2003-05-02,"Hong Kong SAR, China",1611,170,878,563
815,2003-05-02,"Macao SAR, China",1,0,0,1
816,2003-05-02,"Taiwan, China",100,8,25,67
817,2003-05-02,France,5,0,4,1
818,2003-05-02,Germany,7,0,7,0
819,2003-05-02,Indonesia,2,0,1,1
820,2003-05-02,Italy,9,0,4,5
821,2003-05-02,Kuwait,1,0,1,0
822,2003-05-02,Malaysia,6,2,3,1
823,2003-05-02,Mongolia,8,0,4,4
824,2003-05-02,New Zealand,1,0,1,0
825,2003-05-02,Philippines,3,2,1,0
826,2003-05-02,Poland,1,0,0,1
827,2003-05-02,Republic of Ireland,1,0,1,0
828,2003-05-02,Republic of Korea,1,0,0,1
829,2003-05-02,Romania,1,0,1,0
830,2003-05-02,Singapore,203,25,146,32
831,2003-05-02,South Africa,1,0,0,1
832,2003-05-02,Spain,1,0,1,0
833,2003-05-02,Sweden,3,0,2,1
834,2003-05-02,Switzerland,1,0,1,0
835,2003-05-02,Thailand,7,2,5,0
836,2003-05-02,United Kingdom,6,0,6,0
837,2003-05-02,United States,56,0,24,32
838,2003-05-02,Viet Nam,63,5,56,2
839,2003-05-03,Brazil,2,0,2,0
840,2003-05-03,Bulgaria,1,0,0,1
841,2003-05-03,Canada,149,22,94,33
842,2003-05-03,China,3971,190,1406,2375
843,2003-05-03,"Hong Kong SAR, China",1621,179,898,544
844,2003-05-03,"Macao SAR, China",1,0,0,1
845,2003-05-03,"Taiwan, China",100,8,25,67
846,2003-05-03,France,5,0,4,1
847,2003-05-03,Germany,7,0,7,0
848,2003-05-03,Indonesia,2,0,1,1
849,2003-05-03,Italy,9,0,4,5
850,2003-05-03,Kuwait,1,0,1,0
851,2003-05-03,Malaysia,6,2,3,1
852,2003-05-03,Mongolia,8,0,4,4
853,2003-05-03,New Zealand,1,0,1,0
854,2003-05-03,Philippines,3,2,1,0
855,2003-05-03,Poland,1,0,0,1
856,2003-05-03,Republic of Ireland,1,0,1,0
857,2003-05-03,Republic of Korea,1,0,0,1
858,2003-05-03,Romania,1,0,1,0
859,2003-05-03,Singapore,203,25,147,31
860,2003-05-03,South Africa,1,0,1,0
861,2003-05-03,Spain,1,0,1,0
862,2003-05-03,Sweden,3,0,2,1
863,2003-05-03,Switzerland,1,0,1,0
864,2003-05-03,Thailand,7,2,5,0
865,2003-05-03,United Kingdom,6,0,6,0
866,2003-05-03,United States,54,0,24,30
867,2003-05-03,Viet Nam,63,5,58,0
868,2003-05-05,Brazil,2,0,2,0
869,2003-05-05,Bulgaria,1,0,0,1
870,2003-05-05,Canada,148,22,93,33
871,2003-05-05,China,4280,206,1433,2641
872,2003-05-05,"Hong Kong SAR, China",1637,187,930,520
873,2003-05-05,"Macao SAR, China",1,0,0,1
874,2003-05-05,"Taiwan, China",116,8,25,83
875,2003-05-05,France,5,0,4,1
876,2003-05-05,Germany,7,0,7,0
877,2003-05-05,Indonesia,2,0,1,1
878,2003-05-05,Italy,9,0,4,5
879,2003-05-05,Kuwait,1,0,1,0
880,2003-05-05,Malaysia,7,2,4,1
881,2003-05-05,Mongolia,8,0,4,4
882,2003-05-05,New Zealand,1,0,1,0
883,2003-05-05,Philippines,3,2,1,0
884,2003-05-05,Poland,1,0,0,1
885,2003-05-05,Republic of Ireland,1,0,1,0
886,2003-05-05,Republic of Korea,1,0,0,1
887,2003-05-05,Romania,1,0,1,0
888,2003-05-05,Singapore,204,26,149,29
889,2003-05-05,South Africa,1,1,0,0
890,2003-05-05,Spain,1,0,1,0
891,2003-05-05,Sweden,3,0,2,1
892,2003-05-05,Switzerland,1,0,1,0
893,2003-05-05,Thailand,7,2,5,0
894,2003-05-05,United Kingdom,6,0,6,0
895,2003-05-05,United States,61,0,26,35
896,2003-05-05,Viet Nam,63,5,58,0
897,2003-05-06,Brazil,2,0,2,0
898,2003-05-06,Bulgaria,1,0,0,1
899,2003-05-06,Canada,148,22,93,33
900,2003-05-06,China,4409,214,1460,2735
901,2003-05-06,"Hong Kong SAR, China",1646,193,958,495
902,2003-05-06,"Macao SAR, China",1,0,0,1
903,2003-05-06,"Taiwan, China",116,10,25,81
904,2003-05-06,Colombia,1,0,1,0
905,2003-05-06,France,5,0,4,1
906,2003-05-06,Germany,7,0,7,0
907,2003-05-06,India,1,0,0,1
908,2003-05-06,Indonesia,2,0,1,1
909,2003-05-06,Italy,9,0,4,5
910,2003-05-06,Kuwait,1,0,1,0
911,2003-05-06,Malaysia,7,2,4,1
912,2003-05-06,Mongolia,8,0,4,4
913,2003-05-06,New Zealand,1,0,1,0
914,2003-05-06,Philippines,3,2,1,0
915,2003-05-06,Poland,1,0,0,1
916,2003-05-06,Republic of Ireland,1,0,1,0
917,2003-05-06,Republic of Korea,1,0,0,1
918,2003-05-06,Romania,1,0,1,0
919,2003-05-06,Singapore,204,27,149,28
920,2003-05-06,South Africa,1,1,0,0
921,2003-05-06,Spain,1,0,1,0
922,2003-05-06,Sweden,3,0,2,1
923,2003-05-06,Switzerland,1,0,1,0
924,2003-05-06,Thailand,7,2,5,0
925,2003-05-06,United Kingdom,6,0,6,0
926,2003-05-06,United States,65,0,32,33
927,2003-05-06,Viet Nam,63,5,58,0
928,2003-05-07,Brazil,2,0,2,0
929,2003-05-07,Bulgaria,1,0,0,1
930,2003-05-07,Canada,146,22,93,31
931,2003-05-07,China,4560,219,1487,2854
932,2003-05-07,"Hong Kong SAR, China",1654,204,984,466
933,2003-05-07,"Macao SAR, China",1,0,0,1
934,2003-05-07,"Taiwan, China",125,11,26,88
935,2003-05-07,Colombia,1,0,1,0
936,2003-05-07,France,6,0,4,2
937,2003-05-07,Germany,8,0,7,1
938,2003-05-07,India,1,0,0,1
939,2003-05-07,Indonesia,2,0,1,1
940,2003-05-07,Italy,9,0,5,4
941,2003-05-07,Kuwait,1,0,1,0
942,2003-05-07,Malaysia,7,2,4,1
943,2003-05-07,Mongolia,9,0,6,3
944,2003-05-07,New Zealand,1,0,1,0
945,2003-05-07,Philippines,10,2,2,6
946,2003-05-07,Poland,1,0,0,1
947,2003-05-07,Republic of Ireland,1,0,1,0
948,2003-05-07,Republic of Korea,1,0,0,1
949,2003-05-07,Romania,1,0,1,0
950,2003-05-07,Singapore,204,27,150,27
951,2003-05-07,South Africa,1,1,0,0
952,2003-05-07,Spain,1,0,1,0
953,2003-05-07,Sweden,3,0,2,1
954,2003-05-07,Switzerland,1,0,1,0
955,2003-05-07,Thailand,7,2,5,0
956,2003-05-07,United Kingdom,6,0,6,0
957,2003-05-07,United States,65,0,32,33
958,2003-05-07,Viet Nam,63,5,58,0
959,2003-05-08,Brazil,2,0,2,0
960,2003-05-08,Bulgaria,1,0,0,1
961,2003-05-08,Canada,146,22,95,29
962,2003-05-08,China,4698,224,1529,2945
963,2003-05-08,"Hong Kong SAR, China",1661,208,1008,445
964,2003-05-08,"Macao SAR, China",1,0,0,1
965,2003-05-08,"Taiwan, China",131,13,26,92
966,2003-05-08,Colombia,1,0,1,0
967,2003-05-08,Finland,1,0,0,1
968,2003-05-08,France,6,0,4,2
969,2003-05-08,Germany,8,0,7,1
970,2003-05-08,India,1,0,0,1
971,2003-05-08,Indonesia,2,0,1,1
972,2003-05-08,Italy,9,0,6,3
973,2003-05-08,Kuwait,1,0,1,0
974,2003-05-08,Malaysia,7,2,4,1
975,2003-05-08,Mongolia,9,0,6,3
976,2003-05-08,New Zealand,1,0,1,0
977,2003-05-08,Philippines,10,2,2,6
978,2003-05-08,Poland,1,0,0,1
979,2003-05-08,Republic of Ireland,1,0,1,0
980,2003-05-08,Republic of Korea,1,0,1,0
981,2003-05-08,Romania,1,0,1,0
982,2003-05-08,Singapore,204,27,153,24
983,2003-05-08,South Africa,1,1,0,0
984,2003-05-08,Spain,1,0,1,0
985,2003-05-08,Sweden,3,0,2,1
986,2003-05-08,Switzerland,1,0,1,0
987,2003-05-08,Thailand,7,2,5,0
988,2003-05-08,United Kingdom,6,0,6,0
989,2003-05-08,United States,63,0,33,30
990,2003-05-08,Viet Nam,63,5,58,0
991,2003-05-09,Brazil,2,0,2,0
992,2003-05-09,Bulgaria,1,0,0,1
993,2003-05-09,Canada,145,22,94,29
994,2003-05-09,China,4805,230,1582,2993
995,2003-05-09,"Hong Kong SAR, China",1667,210,1015,442
996,2003-05-09,"Macao SAR, China",1,0,0,1
997,2003-05-09,"Taiwan, China",149,13,26,110
998,2003-05-09,Colombia,1,0,1,0
999,2003-05-09,Finland,1,0,0,1
1000,2003-05-09,France,6,0,4,2
1001,2003-05-09,Germany,9,0,9,0
1002,2003-05-09,India,1,0,0,1
1003,2003-05-09,Indonesia,2,0,1,1
1004,2003-05-09,Italy,9,0,9,0
1005,2003-05-09,Kuwait,1,0,1,0
1006,2003-05-09,Malaysia,6,2,4,0
1007,2003-05-09,Mongolia,9,0,6,3
1008,2003-05-09,New Zealand,1,0,1,0
1009,2003-05-09,Philippines,10,2,2,6
1010,2003-05-09,Poland,1,0,0,1
1011,2003-05-09,Republic of Ireland,1,0,1,0
1012,2003-05-09,Republic of Korea,1,0,1,0
1013,2003-05-09,Romania,1,0,1,0
1014,2003-05-09,Singapore,204,27,153,24
1015,2003-05-09,South Africa,1,1,0,0
1016,2003-05-09,Spain,1,0,1,0
1017,2003-05-09,Sweden,3,0,2,1
1018,2003-05-09,Switzerland,1,0,1,0
1019,2003-05-09,Thailand,7,2,5,0
1020,2003-05-09,United Kingdom,6,0,6,0
1021,2003-05-09,United States,63,0,33,30
1022,2003-05-09,Viet Nam,63,5,58,0
1023,2003-05-10,Brazil,2,0,2,0
1024,2003-05-10,Bulgaria,1,0,0,1
1025,2003-05-10,Canada,145,22,97,26
1026,2003-05-10,China,4884,235,1620,3029
1027,2003-05-10,"Hong Kong SAR, China",1674,212,1035,427
1028,2003-05-10,"Macao SAR, China",1,0,0,1
1029,2003-05-10,"Taiwan, China",172,18,26,128
1030,2003-05-10,Colombia,1,0,1,0
1031,2003-05-10,Finland,1,0,0,1
1032,2003-05-10,France,7,0,4,3
1033,2003-05-10,Germany,9,0,9,0
1034,2003-05-10,India,1,0,0,1
1035,2003-05-10,Indonesia,2,0,1,1
1036,2003-05-10,Italy,9,0,9,0
1037,2003-05-10,Kuwait,1,0,1,0
1038,2003-05-10,Malaysia,7,2,4,1
1039,2003-05-10,Mongolia,9,0,6,3
1040,2003-05-10,New Zealand,1,0,1,0
1041,2003-05-10,Philippines,10,2,2,6
1042,2003-05-10,Poland,1,0,0,1
1043,2003-05-10,Republic of Ireland,1,0,1,0
1044,2003-05-10,Republic of Korea,1,0,1,0
1045,2003-05-10,Romania,1,0,1,0
1046,2003-05-10,Singapore,205,27,155,23
1047,2003-05-10,South Africa,1,1,0,0
1048,2003-05-10,Spain,1,0,1,0
1049,2003-05-10,Sweden,3,0,2,1
1050,2003-05-10,Switzerland,1,0,1,0
1051,2003-05-10,Thailand,7,2,5,0
1052,2003-05-10,United Kingdom,6,0,6,0
1053,2003-05-10,United States,64,0,34,30
1054,2003-05-10,Viet Nam,63,5,58,0
1055,2003-05-12,Brazil,2,0,2,0
1056,2003-05-12,Bulgaria,1,0,0,1
1057,2003-05-12,Canada,143,22,98,23
1058,2003-05-12,China,5013,252,1693,3068
1059,2003-05-12,"Hong Kong SAR, China",1683,218,1066,399
1060,2003-05-12,"Macao SAR, China",1,0,0,1
1061,2003-05-12,"Taiwan, China",184,20,26,138
1062,2003-05-12,Colombia,1,0,1,0
1063,2003-05-12,Finland,1,0,0,1
1064,2003-05-12,France,7,0,4,3
1065,2003-05-12,Germany,9,0,9,0
1066,2003-05-12,India,1,0,0,1
1067,2003-05-12,Indonesia,2,0,1,1
1068,2003-05-12,Italy,9,0,8,1
1069,2003-05-12,Kuwait,1,0,1,0
1070,2003-05-12,Malaysia,7,2,4,1
1071,2003-05-12,Mongolia,9,0,6,3
1072,2003-05-12,New Zealand,1,0,1,0
1073,2003-05-12,Philippines,10,2,3,5
1074,2003-05-12,Poland,1,0,0,1
1075,2003-05-12,Republic of Ireland,1,0,1,0
1076,2003-05-12,Republic of Korea,2,0,1,1
1077,2003-05-12,Romania,1,0,1,0
1078,2003-05-12,Singapore,205,28,156,21
1079,2003-05-12,South Africa,1,1,0,0
1080,2003-05-12,Spain,1,0,1,0
1081,2003-05-12,Sweden,3,0,2,1
1082,2003-05-12,Switzerland,1,0,1,0
1083,2003-05-12,Thailand,7,2,5,0
1084,2003-05-12,United Kingdom,6,0,6,0
1085,2003-05-12,United States,64,0,34,30
1086,2003-05-12,Viet Nam,63,5,58,0
1087,2003-05-13,Brazil,2,0,2,0
1088,2003-05-13,Bulgaria,1,0,0,1
1089,2003-05-13,Canada,143,22,99,22
1090,2003-05-13,China,5086,262,1765,3059
1091,2003-05-13,"Hong Kong SAR, China",1689,225,1090,374
1092,2003-05-13,"Macao SAR, China",1,0,0,1
1093,2003-05-13,"Taiwan, China",207,24,30,153
1094,2003-05-13,Colombia,1,0,1,0
1095,2003-05-13,Finland,1,0,0,1
1096,2003-05-13,France,7,0,4,3
1097,2003-05-13,Germany,9,0,9,0
1098,2003-05-13,India,3,0,0,3
1099,2003-05-13,Indonesia,2,0,1,1
1100,2003-05-13,Italy,9,0,9,0
1101,2003-05-13,Kuwait,1,0,1,0
1102,2003-05-13,Malaysia,7,2,4,1
1103,2003-05-13,Mongolia,9,0,6,3
1104,2003-05-13,New Zealand,1,0,1,0
1105,2003-05-13,Philippines,10,2,3,5
1106,2003-05-13,Republic of Ireland,1,0,1,0
1107,2003-05-13,Republic of Korea,2,0,1,1
1108,2003-05-13,Romania,1,0,1,0
1109,2003-05-13,Singapore,205,28,157,20
1110,2003-05-13,South Africa,1,1,0,0
1111,2003-05-13,Spain,1,0,1,0
1112,2003-05-13,Sweden,3,0,3,0
1113,2003-05-13,Switzerland,1,0,1,0
1114,2003-05-13,Thailand,7,2,5,0
1115,2003-05-13,United Kingdom,4,0,4,0
1116,2003-05-13,United States,64,0,35,29
1117,2003-05-13,Viet Nam,63,5,58,0
1118,2003-05-14,Brazil,2,0,2,0
1119,2003-05-14,Bulgaria,1,0,0,1
1120,2003-05-14,Canada,143,23,104,16
1121,2003-05-14,China,5124,267,1811,3046
1122,2003-05-14,"Hong Kong SAR, China",1698,227,1128,343
1123,2003-05-14,"Macao SAR, China",1,0,0,1
1124,2003-05-14,"Taiwan, China",238,30,38,170
1125,2003-05-14,Colombia,1,0,1,0
1126,2003-05-14,Finland,1,0,0,1
1127,2003-05-14,France,7,0,4,3
1128,2003-05-14,Germany,9,0,9,0
1129,2003-05-14,India,3,0,0,3
1130,2003-05-14,Indonesia,2,0,2,0
1131,2003-05-14,Italy,9,0,9,0
1132,2003-05-14,Kuwait,1,0,1,0
1133,2003-05-14,Malaysia,7,2,5,0
1134,2003-05-14,Mongolia,9,0,6,3
1135,2003-05-14,New Zealand,1,0,1,0
1136,2003-05-14,Philippines,10,2,3,5
1137,2003-05-14,Republic of Ireland,1,0,1,0
1138,2003-05-14,Republic of Korea,3,0,1,2
1139,2003-05-14,Romania,1,0,1,0
1140,2003-05-14,Singapore,205,28,157,20
1141,2003-05-14,South Africa,1,1,0,0
1142,2003-05-14,Spain,1,0,1,0
1143,2003-05-14,Sweden,3,0,3,0
1144,2003-05-14,Switzerland,1,0,1,0
1145,2003-05-14,Thailand,8,2,5,1
1146,2003-05-14,United Kingdom,4,0,4,0
1147,2003-05-14,United States,64,0,35,29
1148,2003-05-14,Viet Nam,63,5,58,0
1149,2003-05-15,Brazil,2,0,2,0
1150,2003-05-15,Bulgaria,1,0,0,1
1151,2003-05-15,Canada,142,23,107,12
1152,2003-05-15,China,5163,271,1858,3034
1153,2003-05-15,"Hong Kong SAR, China",1703,234,1160,309
1154,2003-05-15,"Macao SAR, China",1,0,0,1
1155,2003-05-15,"Taiwan, China",264,30,38,196
1156,2003-05-15,Colombia,1,0,1,0
1157,2003-05-15,Finland,1,0,0,1
1158,2003-05-15,France,7,0,4,3
1159,2003-05-15,Germany,9,0,9,0
1160,2003-05-15,India,3,0,3,0
1161,2003-05-15,Indonesia,2,0,2,0
1162,2003-05-15,Italy,9,0,9,0
1163,2003-05-15,Kuwait,1,0,1,0
1164,2003-05-15,Malaysia,7,2,5,0
1165,2003-05-15,Mongolia,9,0,7,2
1166,2003-05-15,New Zealand,1,0,1,0
1167,2003-05-15,Philippines,12,2,4,6
1168,2003-05-15,Republic of Ireland,1,0,1,0
1169,2003-05-15,Republic of Korea,3,0,1,2
1170,2003-05-15,Romania,1,0,1,0
1171,2003-05-15,Singapore,205,28,157,20
1172,2003-05-15,South Africa,1,1,0,0
1173,2003-05-15,Spain,1,0,1,0
1174,2003-05-15,Sweden,3,0,3,0
1175,2003-05-15,Switzerland,1,0,1,0
1176,2003-05-15,Thailand,8,2,5,1
1177,2003-05-15,United Kingdom,4,0,4,0
1178,2003-05-15,United States,64,0,35,29
1179,2003-05-15,Viet Nam,63,5,58,0
1180,2003-05-16,Brazil,2,0,2,0
1181,2003-05-16,Bulgaria,1,0,0,1
1182,2003-05-16,Canada,140,23,106,11
1183,2003-05-16,China,5191,275,1947,2969
1184,2003-05-16,"Hong Kong SAR, China",1706,238,1171,297
1185,2003-05-16,"Macao SAR, China",1,0,0,1
1186,2003-05-16,"Taiwan, China",274,35,46,193
1187,2003-05-16,Colombia,1,0,1,0
1188,2003-05-16,Finland,1,0,0,1
1189,2003-05-16,France,7,0,4,3
1190,2003-05-16,Germany,9,0,9,0
1191,2003-05-16,India,3,0,3,0
1192,2003-05-16,Indonesia,2,0,2,0
1193,2003-05-16,Italy,9,0,9,0
1194,2003-05-16,Kuwait,1,0,1,0
1195,2003-05-16,Malaysia,7,2,5,0
1196,2003-05-16,Mongolia,9,0,7,2
1197,2003-05-16,New Zealand,1,0,1,0
1198,2003-05-16,Philippines,12,2,4,6
1199,2003-05-16,Republic of Ireland,1,0,1,0
1200,2003-05-16,Republic of Korea,3,0,1,2
1201,2003-05-16,Romania,1,0,1,0
1202,2003-05-16,Singapore,205,28,157,20
1203,2003-05-16,South Africa,1,1,0,0
1204,2003-05-16,Spain,1,0,1,0
1205,2003-05-16,Sweden,3,0,3,0
1206,2003-05-16,Switzerland,1,0,1,0
1207,2003-05-16,Thailand,8,2,5,1
1208,2003-05-16,United Kingdom,4,0,4,0
1209,2003-05-16,United States,65,0,34,31
1210,2003-05-16,Viet Nam,63,5,58,0
1211,2003-05-17,Brazil,2,0,2,0
1212,2003-05-17,Canada,140,23,106,11
1213,2003-05-17,China,5209,282,2009,2918
1214,2003-05-17,"Hong Kong SAR, China",1710,243,1191,276
1215,2003-05-17,"Macao SAR, China",1,0,0,1
1216,2003-05-17,"Taiwan, China",274,35,46,193
1217,2003-05-17,Colombia,1,0,1,0
1218,2003-05-17,Finland,1,0,0,1
1219,2003-05-17,France,7,0,6,1
1220,2003-05-17,Germany,9,0,9,0
1221,2003-05-17,India,3,0,3,0
1222,2003-05-17,Indonesia,2,0,2,0
1223,2003-05-17,Italy,9,0,9,0
1224,2003-05-17,Kuwait,1,0,1,0
1225,2003-05-17,Malaysia,7,2,5,0
1226,2003-05-17,Mongolia,9,0,7,2
1227,2003-05-17,New Zealand,1,0,1,0
1228,2003-05-17,Philippines,12,2,4,6
1229,2003-05-17,Republic of Ireland,1,0,1,0
1230,2003-05-17,Republic of Korea,3,0,1,2
1231,2003-05-17,Romania,1,0,1,0
1232,2003-05-17,Singapore,205,28,157,20
1233,2003-05-17,South Africa,1,1,0,0
1234,2003-05-17,Spain,1,0,1,0
1235,2003-05-17,Sweden,3,0,3,0
1236,2003-05-17,Switzerland,1,0,1,0
1237,2003-05-17,Thailand,8,2,5,1
1238,2003-05-17,United Kingdom,4,0,4,0
1239,2003-05-17,United States,66,0,34,32
1240,2003-05-17,Viet Nam,63,5,58,0
1241,2003-05-19,Brazil,2,0,2,0
1242,2003-05-19,Canada,140,23,106,11
1243,2003-05-19,China,5236,289,2148,2799
1244,2003-05-19,"Hong Kong SAR, China",1714,251,1213,250
1245,2003-05-19,"Macao SAR, China",1,0,0,1
1246,2003-05-19,"Taiwan, China",344,40,50,254
1247,2003-05-19,Colombia,1,0,1,0
1248,2003-05-19,Finland,1,0,0,1
1249,2003-05-19,France,7,0,6,1
1250,2003-05-19,Germany,9,0,9,0
1251,2003-05-19,India,3,0,3,0
1252,2003-05-19,Indonesia,2,0,2,0
1253,2003-05-19,Italy,9,0,9,0
1254,2003-05-19,Kuwait,1,0,1,0
1255,2003-05-19,Malaysia,7,2,5,0
1256,2003-05-19,Mongolia,9,0,8,1
1257,2003-05-19,New Zealand,1,0,1,0
1258,2003-05-19,Philippines,12,2,8,2
1259,2003-05-19,Republic of Ireland,1,0,1,0
1260,2003-05-19,Republic of Korea,3,0,1,2
1261,2003-05-19,Romania,1,0,1,0
1262,2003-05-19,Singapore,206,28,160,18
1263,2003-05-19,South Africa,1,1,0,0
1264,2003-05-19,Spain,1,0,1,0
1265,2003-05-19,Sweden,3,0,3,0
1266,2003-05-19,Switzerland,1,0,1,0
1267,2003-05-19,Thailand,8,2,5,1
1268,2003-05-19,United Kingdom,4,0,4,0
1269,2003-05-19,United States,67,0,34,33
1270,2003-05-19,Viet Nam,63,5,58,0
1271,2003-05-20,Brazil,2,0,2,0
1272,2003-05-20,Canada,140,23,106,11
1273,2003-05-20,China,5248,294,2254,2700
1274,2003-05-20,"Hong Kong SAR, China",1718,253,1229,236
1275,2003-05-20,"Macao SAR, China",1,0,0,1
1276,2003-05-20,"Taiwan, China",383,52,63,268
1277,2003-05-20,Colombia,1,0,1,0
1278,2003-05-20,Finland,1,0,0,1
1279,2003-05-20,France,7,0,6,1
1280,2003-05-20,Germany,9,0,9,0
1281,2003-05-20,India,3,0,3,0
1282,2003-05-20,Indonesia,2,0,2,0
1283,2003-05-20,Italy,9,0,9,0
1284,2003-05-20,Kuwait,1,0,1,0
1285,2003-05-20,Malaysia,7,2,5,0
1286,2003-05-20,Mongolia,9,0,8,1
1287,2003-05-20,New Zealand,1,0,1,0
1288,2003-05-20,Philippines,12,2,8,2
1289,2003-05-20,Republic of Ireland,1,0,1,0
1290,2003-05-20,Republic of Korea,3,0,2,1
1291,2003-05-20,Romania,1,0,1,0
1292,2003-05-20,Singapore,206,28,161,17
1293,2003-05-20,South Africa,1,1,0,0
1294,2003-05-20,Spain,1,0,1,0
1295,2003-05-20,Sweden,3,0,3,0
1296,2003-05-20,Switzerland,1,0,1,0
1297,2003-05-20,Thailand,8,2,5,1
1298,2003-05-20,United Kingdom,4,0,4,0
1299,2003-05-20,United States,67,0,34,33
1300,2003-05-20,Viet Nam,63,5,58,0
1301,2003-05-21,Brazil,2,0,2,0
1302,2003-05-21,Canada,140,23,108,9
1303,2003-05-21,China,5249,296,2335,2618
1304,2003-05-21,"Hong Kong SAR, China",1719,255,1237,227
1305,2003-05-21,"Macao SAR, China",1,0,0,1
1306,2003-05-21,"Taiwan, China",418,52,71,295
1307,2003-05-21,Colombia,1,0,1,0
1308,2003-05-21,Finland,1,0,1,0
1309,2003-05-21,France,7,0,6,1
1310,2003-05-21,Germany,9,0,9,0
1311,2003-05-21,India,3,0,3,0
1312,2003-05-21,Indonesia,2,0,2,0
1313,2003-05-21,Italy,9,0,9,0
1314,2003-05-21,Kuwait,1,0,1,0
1315,2003-05-21,Malaysia,8,2,5,1
1316,2003-05-21,Mongolia,9,0,8,1
1317,2003-05-21,New Zealand,1,0,1,0
1318,2003-05-21,Philippines,12,2,10,0
1319,2003-05-21,Republic of Ireland,1,0,1,0
1320,2003-05-21,Republic of Korea,3,0,2,1
1321,2003-05-21,Romania,1,0,1,0
1322,2003-05-21,Singapore,206,28,161,17
1323,2003-05-21,South Africa,1,1,0,0
1324,2003-05-21,Spain,1,0,1,0
1325,2003-05-21,Sweden,3,0,3,0
1326,2003-05-21,Switzerland,1,0,1,0
1327,2003-05-21,Thailand,8,2,5,1
1328,2003-05-21,United Kingdom,4,0,4,0
1329,2003-05-21,United States,66,0,33,33
1330,2003-05-21,Viet Nam,63,5,58,0
1331,2003-05-22,Australia,6,0,6,0
1332,2003-05-22,Brazil,2,0,2,0
1333,2003-05-22,Canada,140,23,109,8
1334,2003-05-22,China,5271,300,2445,2526
1335,2003-05-22,"Hong Kong SAR, China",1722,258,1247,217
1336,2003-05-22,"Macao SAR, China",2,0,0,2
1337,2003-05-22,"Taiwan, China",483,60,74,349
1338,2003-05-22,Colombia,1,0,1,0
1339,2003-05-22,Finland,1,0,1,0
1340,2003-05-22,France,7,0,6,1
1341,2003-05-22,Germany,9,0,9,0
1342,2003-05-22,India,3,0,3,0
1343,2003-05-22,Indonesia,2,0,2,0
1344,2003-05-22,Italy,9,0,9,0
1345,2003-05-22,Kuwait,1,0,1,0
1346,2003-05-22,Malaysia,8,2,5,1
1347,2003-05-22,Mongolia,9,0,8,1
1348,2003-05-22,New Zealand,1,0,1,0
1349,2003-05-22,Philippines,12,2,10,0
1350,2003-05-22,Republic of Ireland,1,0,1,0
1351,2003-05-22,Republic of Korea,3,0,2,1
1352,2003-05-22,Romania,1,0,1,0
1353,2003-05-22,Singapore,206,29,162,15
1354,2003-05-22,South Africa,1,1,0,0
1355,2003-05-22,Spain,1,0,1,0
1356,2003-05-22,Sweden,3,0,3,0
1357,2003-05-22,Switzerland,1,0,1,0
1358,2003-05-22,Thailand,8,2,5,1
1359,2003-05-22,United Kingdom,4,0,4,0
1360,2003-05-22,United States,65,0,33,32
1361,2003-05-22,Viet Nam,63,5,58,0
1362,2003-05-23,Brazil,2,0,2,0
1363,2003-05-23,Canada,140,23,109,8
1364,2003-05-23,China,5285,303,2544,2438
1365,2003-05-23,"Hong Kong SAR, China",1724,260,1255,209
1366,2003-05-23,"Macao SAR, China",2,0,0,2
1367,2003-05-23,"Taiwan, China",538,60,82,396
1368,2003-05-23,Colombia,1,0,1,0
1369,2003-05-23,Finland,1,0,1,0
1370,2003-05-23,France,7,0,6,1
1371,2003-05-23,Germany,9,0,9,0
1372,2003-05-23,India,3,0,3,0
1373,2003-05-23,Indonesia,2,0,2,0
1374,2003-05-23,Italy,9,0,9,0
1375,2003-05-23,Kuwait,1,0,1,0
1376,2003-05-23,Malaysia,8,2,5,1
1377,2003-05-23,Mongolia,9,0,8,1
1378,2003-05-23,New Zealand,1,0,1,0
1379,2003-05-23,Philippines,12,2,10,0
1380,2003-05-23,Republic of Ireland,1,0,1,0
1381,2003-05-23,Republic of Korea,3,0,2,1
1382,2003-05-23,Romania,1,0,1,0
1383,2003-05-23,Singapore,206,31,163,12
1384,2003-05-23,South Africa,1,1,0,0
1385,2003-05-23,Spain,1,0,1,0
1386,2003-05-23,Sweden,3,0,3,0
1387,2003-05-23,Switzerland,1,0,1,0
1388,2003-05-23,Thailand,8,2,5,1
1389,2003-05-23,United Kingdom,4,0,4,0
1390,2003-05-23,United States,65,0,33,32
1391,2003-05-23,Viet Nam,63,5,58,0
1392,2003-05-24,Brazil,2,0,2,0
1393,2003-05-24,Canada,140,23,109,8
1394,2003-05-24,China,5309,308,2675,2326
1395,2003-05-24,"Hong Kong SAR, China",1724,262,1266,196
1396,2003-05-24,"Macao SAR, China",2,0,0,2
1397,2003-05-24,"Taiwan, China",538,60,82,396
1398,2003-05-24,Colombia,1,0,1,0
1399,2003-05-24,Finland,1,0,1,0
1400,2003-05-24,France,7,0,6,1
1401,2003-05-24,Germany,9,0,9,0
1402,2003-05-24,India,3,0,3,0
1403,2003-05-24,Indonesia,2,0,2,0
1404,2003-05-24,Italy,9,0,9,0
1405,2003-05-24,Kuwait,1,0,1,0
1406,2003-05-24,Malaysia,8,2,5,1
1407,2003-05-24,Mongolia,9,0,8,1
1408,2003-05-24,New Zealand,1,0,1,0
1409,2003-05-24,Philippines,12,2,10,0
1410,2003-05-24,Republic of Ireland,1,0,1,0
1411,2003-05-24,Republic of Korea,3,0,2,1
1412,2003-05-24,Romania,1,0,1,0
1413,2003-05-24,Singapore,206,31,163,12
1414,2003-05-24,South Africa,1,1,0,0
1415,2003-05-24,Spain,1,0,1,0
1416,2003-05-24,Sweden,3,0,3,0
1417,2003-05-24,Switzerland,1,0,1,0
1418,2003-05-24,Thailand,8,2,5,1
1419,2003-05-24,United Kingdom,4,0,4,0
1420,2003-05-24,United States,65,0,33,32
1421,2003-05-24,Viet Nam,63,5,58,0
1422,2003-05-26,Brazil,2,0,2,0
1423,2003-05-26,Canada,148,26,110,12
1424,2003-05-26,China,5316,317,2829,2170
1425,2003-05-26,"Hong Kong SAR, China",1726,267,1276,183
1426,2003-05-26,"Macao SAR, China",2,0,0,2
1427,2003-05-26,"Taiwan, China",585,72,112,401
1428,2003-05-26,Colombia,1,0,1,0
1429,2003-05-26,Finland,1,0,1,0
1430,2003-05-26,France,7,0,6,1
1431,2003-05-26,Germany,9,0,9,0
1432,2003-05-26,India,3,0,3,0
1433,2003-05-26,Indonesia,2,0,2,0
1434,2003-05-26,Italy,9,0,9,0
1435,2003-05-26,Kuwait,1,0,1,0
1436,2003-05-26,Malaysia,5,2,3,0
1437,2003-05-26,Mongolia,9,0,8,1
1438,2003-05-26,New Zealand,1,0,1,0
1439,2003-05-26,Philippines,12,2,10,0
1440,2003-05-26,Republic of Ireland,1,0,1,0
1441,2003-05-26,Republic of Korea,3,0,2,1
1442,2003-05-26,Romania,1,0,1,0
1443,2003-05-26,Singapore,206,31,163,12
1444,2003-05-26,South Africa,1,1,0,0
1445,2003-05-26,Spain,1,0,1,0
1446,2003-05-26,Sweden,3,0,3,0
1447,2003-05-26,Switzerland,1,0,1,0
1448,2003-05-26,Thailand,8,2,6,0
1449,2003-05-26,United Kingdom,4,0,4,0
1450,2003-05-26,United States,65,0,33,32
1451,2003-05-26,Viet Nam,63,5,58,0
1452,2003-05-27,Brazil,2,0,2,0
1453,2003-05-27,Canada,148,26,111,11
1454,2003-05-27,China,5322,321,2944,2057
1455,2003-05-27,"Hong Kong SAR, China",1728,269,1285,174
1456,2003-05-27,"Macao SAR, China",2,0,0,2
1457,2003-05-27,"Taiwan, China",596,76,112,408
1458,2003-05-27,Colombia,1,0,1,0
1459,2003-05-27,Finland,1,0,1,0
1460,2003-05-27,France,7,0,6,1
1461,2003-05-27,Germany,9,0,9,0
1462,2003-05-27,India,3,0,3,0
1463,2003-05-27,Indonesia,2,0,2,0
1464,2003-05-27,Italy,9,0,9,0
1465,2003-05-27,Kuwait,1,0,1,0
1466,2003-05-27,Malaysia,5,2,3,0
1467,2003-05-27,Mongolia,9,0,9,0
1468,2003-05-27,New Zealand,1,0,1,0
1469,2003-05-27,Philippines,12,2,10,0
1470,2003-05-27,Republic of Ireland,1,0,1,0
1471,2003-05-27,Republic of Korea,3,0,2,1
1472,2003-05-27,Romania,1,0,1,0
1473,2003-05-27,Singapore,206,31,163,12
1474,2003-05-27,South Africa,1,1,0,0
1475,2003-05-27,Spain,1,0,1,0
1476,2003-05-27,Sweden,3,0,3,0
1477,2003-05-27,Switzerland,1,0,1,0
1478,2003-05-27,Thailand,8,2,6,0
1479,2003-05-27,United Kingdom,4,0,4,0
1480,2003-05-27,United States,65,0,32,33
1481,2003-05-27,Viet Nam,63,5,58,0
1482,2003-05-28,Australia,6,0,6,0
1483,2003-05-28,Brazil,2,0,2,0
1484,2003-05-28,Canada,149,26,111,12
1485,2003-05-28,China,5323,325,3036,1962
1486,2003-05-28,"Hong Kong SAR, China",1730,270,1295,165
1487,2003-05-28,"Macao SAR, China",2,0,0,2
1488,2003-05-28,"Taiwan, China",610,81,112,417
1489,2003-05-28,Colombia,1,0,1,0
1490,2003-05-28,Finland,1,0,1,0
1491,2003-05-28,France,7,0,6,1
1492,2003-05-28,Germany,9,0,9,0
1493,2003-05-28,India,3,0,3,0
1494,2003-05-28,Indonesia,2,0,2,0
1495,2003-05-28,Italy,9,0,9,0
1496,2003-05-28,Kuwait,1,0,1,0
1497,2003-05-28,Malaysia,5,2,3,0
1498,2003-05-28,Mongolia,9,0,9,0
1499,2003-05-28,New Zealand,1,0,1,0
1500,2003-05-28,Philippines,12,2,10,0
1501,2003-05-28,Republic of Ireland,1,0,1,0
1502,2003-05-28,Republic of Korea,3,0,2,1
1503,2003-05-28,Romania,1,0,1,0
1504,2003-05-28,Singapore,206,31,165,10
1505,2003-05-28,South Africa,1,1,0,0
1506,2003-05-28,Spain,1,0,1,0
1507,2003-05-28,Sweden,3,0,3,0
1508,2003-05-28,Switzerland,1,0,1,0
1509,2003-05-28,Thailand,8,2,6,0
1510,2003-05-28,United Kingdom,4,0,4,0
1511,2003-05-28,United States,66,0,32,34
1512,2003-05-28,Viet Nam,63,5,58,0
1513,2003-05-29,Australia,6,0,6,0
1514,2003-05-29,Brazil,2,0,2,0
1515,2003-05-29,Canada,151,26,112,13
1516,2003-05-29,China,5325,327,3121,1877
1517,2003-05-29,"Hong Kong SAR, China",1732,273,1302,157
1518,2003-05-29,"Macao SAR, China",1,0,0,1
1519,2003-05-29,"Taiwan, China",660,81,122,457
1520,2003-05-29,Colombia,1,0,1,0
1521,2003-05-29,Finland,1,0,1,0
1522,2003-05-29,France,7,0,6,1
1523,2003-05-29,Germany,9,0,9,0
1524,2003-05-29,India,3,0,3,0
1525,2003-05-29,Indonesia,2,0,2,0
1526,2003-05-29,Italy,9,0,9,0
1527,2003-05-29,Kuwait,1,0,1,0
1528,2003-05-29,Malaysia,5,2,3,0
1529,2003-05-29,Mongolia,9,0,9,0
1530,2003-05-29,New Zealand,1,0,1,0
1531,2003-05-29,Philippines,12,2,10,0
1532,2003-05-29,Republic of Ireland,1,0,1,0
1533,2003-05-29,Republic of Korea,3,0,2,1
1534,2003-05-29,Romania,1,0,1,0
1535,2003-05-29,Singapore,206,31,165,10
1536,2003-05-29,South Africa,1,1,0,0
1537,2003-05-29,Spain,1,0,1,0
1538,2003-05-29,Sweden,3,0,3,0
1539,2003-05-29,Switzerland,1,0,1,0
1540,2003-05-29,Thailand,8,2,6,0
1541,2003-05-29,United Kingdom,4,0,4,0
1542,2003-05-29,United States,66,0,32,34
1543,2003-05-29,Viet Nam,63,5,58,0
1544,2003-05-30,Brazil,2,0,2,0
1545,2003-05-30,Canada,159,28,112,19
1546,2003-05-30,China,5328,328,3250,1750
1547,2003-05-30,"Hong Kong SAR, China",1736,274,1304,158
1548,2003-05-30,"Macao SAR, China",1,0,0,1
1549,2003-05-30,"Taiwan, China",667,81,125,461
1550,2003-05-30,Colombia,1,0,1,0
1551,2003-05-30,Finland,1,0,1,0
1552,2003-05-30,France,7,0,6,1
1553,2003-05-30,Germany,9,0,9,0
1554,2003-05-30,India,3,0,3,0
1555,2003-05-30,Indonesia,2,0,2,0
1556,2003-05-30,Italy,9,0,9,0
1557,2003-05-30,Kuwait,1,0,1,0
1558,2003-05-30,Malaysia,5,2,3,0
1559,2003-05-30,Mongolia,9,0,9,0
1560,2003-05-30,New Zealand,1,0,1,0
1561,2003-05-30,Philippines,12,2,10,0
1562,2003-05-30,Republic of Ireland,1,0,1,0
1563,2003-05-30,Republic of Korea,3,0,3,0
1564,2003-05-30,Romania,1,0,1,0
1565,2003-05-30,Singapore,206,31,165,10
1566,2003-05-30,South Africa,1,1,0,0
1567,2003-05-30,Spain,1,0,1,0
1568,2003-05-30,Sweden,3,0,3,0
1569,2003-05-30,Switzerland,1,0,1,0
1570,2003-05-30,Thailand,8,2,6,0
1571,2003-05-30,United Kingdom,4,0,4,0
1572,2003-05-30,United States,66,0,32,34
1573,2003-05-30,Viet Nam,63,5,58,0
1574,2003-05-31,Brazil,2,0,2,0
1575,2003-05-31,Canada,188,30,116,42
1576,2003-05-31,China,5328,332,3371,1625
1577,2003-05-31,"Hong Kong SAR, China",1739,278,1310,151
1578,2003-05-31,"Macao SAR, China",1,0,0,1
1579,2003-05-31,"Taiwan, China",676,81,129,466
1580,2003-05-31,Colombia,1,0,1,0
1581,2003-05-31,Finland,1,0,1,0
1582,2003-05-31,France,7,0,6,1
1583,2003-05-31,Germany,10,0,9,1
1584,2003-05-31,India,3,0,3,0
1585,2003-05-31,Indonesia,2,0,2,0
1586,2003-05-31,Italy,9,0,9,0
1587,2003-05-31,Kuwait,1,0,1,0
1588,2003-05-31,Malaysia,5,2,3,0
1589,2003-05-31,Mongolia,9,0,9,0
1590,2003-05-31,New Zealand,1,0,1,0
1591,2003-05-31,Philippines,12,2,10,0
1592,2003-05-31,Republic of Ireland,1,0,1,0
1593,2003-05-31,Republic of Korea,3,0,3,0
1594,2003-05-31,Romania,1,0,1,0
1595,2003-05-31,Russian Federation,1,0,0,1
1596,2003-05-31,Singapore,206,31,165,10
1597,2003-05-31,South Africa,1,1,0,0
1598,2003-05-31,Spain,1,0,1,0
1599,2003-05-31,Sweden,3,0,3,0
1600,2003-05-31,Switzerland,1,0,1,0
1601,2003-05-31,Thailand,8,2,6,0
1602,2003-05-31,United Kingdom,4,0,4,0
1603,2003-05-31,United States,66,0,32,34
1604,2003-05-31,Viet Nam,63,5,58,0
1605,2003-06-02,Brazil,2,0,2,0
1606,2003-06-02,Canada,198,30,116,52
1607,2003-06-02,China,5328,334,3495,1499
1608,2003-06-02,"Hong Kong SAR, China",1746,282,1319,145
1609,2003-06-02,"Macao SAR, China",1,0,1,0
1610,2003-06-02,"Taiwan, China",684,81,134,469
1611,2003-06-02,Colombia,1,0,1,0
1612,2003-06-02,Finland,1,0,1,0
1613,2003-06-02,France,7,0,6,1
1614,2003-06-02,Germany,10,0,9,1
1615,2003-06-02,India,3,0,3,0
1616,2003-06-02,Indonesia,2,0,2,0
1617,2003-06-02,Italy,9,0,9,0
1618,2003-06-02,Kuwait,1,0,1,0
1619,2003-06-02,Malaysia,5,2,3,0
1620,2003-06-02,Mongolia,9,0,9,0
1621,2003-06-02,New Zealand,1,0,1,0
1622,2003-06-02,Philippines,12,2,10,0
1623,2003-06-02,Republic of Ireland,1,0,1,0
1624,2003-06-02,Republic of Korea,3,0,3,0
1625,2003-06-02,Romania,1,0,1,0
1626,2003-06-02,Russian Federation,1,0,0,1
1627,2003-06-02,Singapore,206,31,165,10
1628,2003-06-02,South Africa,1,1,0,0
1629,2003-06-02,Spain,1,0,1,0
1630,2003-06-02,Sweden,3,0,3,0
1631,2003-06-02,Switzerland,1,0,1,0
1632,2003-06-02,Thailand,8,2,6,0
1633,2003-06-02,United Kingdom,4,0,4,0
1634,2003-06-02,United States,66,0,32,34
1635,2003-06-02,Viet Nam,63,5,58,0
1636,2003-06-03,Brazil,2,0,2,0
1637,2003-06-03,Canada,213,31,116,66
1638,2003-06-03,China,5329,334,3558,1437
1639,2003-06-03,"Hong Kong SAR, China",1747,283,1326,138
1640,2003-06-03,"Macao SAR, China",1,0,1,0
1641,2003-06-03,"Taiwan, China",679,81,136,462
1642,2003-06-03,Colombia,1,0,1,0
1643,2003-06-03,Finland,1,0,1,0
1644,2003-06-03,France,7,0,6,1
1645,2003-06-03,Germany,10,0,9,1
1646,2003-06-03,India,3,0,3,0
1647,2003-06-03,Indonesia,2,0,2,0
1648,2003-06-03,Italy,9,0,9,0
1649,2003-06-03,Kuwait,1,0,1,0
1650,2003-06-03,Malaysia,5,2,3,0
1651,2003-06-03,Mongolia,9,0,9,0
1652,2003-06-03,New Zealand,1,0,1,0
1653,2003-06-03,Philippines,12,2,10,0
1654,2003-06-03,Republic of Ireland,1,0,1,0
1655,2003-06-03,Republic of Korea,3,0,3,0
1656,2003-06-03,Romania,1,0,1,0
1657,2003-06-03,Russian Federation,1,0,0,1
1658,2003-06-03,Singapore,206,31,165,10
1659,2003-06-03,South Africa,1,1,0,0
1660,2003-06-03,Spain,1,0,1,0
1661,2003-06-03,Sweden,3,0,3,0
1662,2003-06-03,Switzerland,1,0,1,0
1663,2003-06-03,Thailand,8,2,6,0
1664,2003-06-03,United Kingdom,4,0,4,0
1665,2003-06-03,United States,68,0,33,35
1666,2003-06-03,Viet Nam,63,5,58,0
1667,2003-06-04,Brazil,2,0,2,0
1668,2003-06-04,Canada,216,31,121,64
1669,2003-06-04,China,5329,334,3674,1321
1670,2003-06-04,"Hong Kong SAR, China",1748,283,1339,126
1671,2003-06-04,"Macao SAR, China",1,0,1,0
1672,2003-06-04,"Taiwan, China",678,81,272,325
1673,2003-06-04,Colombia,1,0,1,0
1674,2003-06-04,Finland,1,0,1,0
1675,2003-06-04,France,7,0,6,1
1676,2003-06-04,Germany,10,0,9,1
1677,2003-06-04,India,3,0,3,0
1678,2003-06-04,Indonesia,2,0,2,0
1679,2003-06-04,Italy,9,0,9,0
1680,2003-06-04,Kuwait,1,0,1,0
1681,2003-06-04,Malaysia,5,2,3,0
1682,2003-06-04,Mongolia,9,0,9,0
1683,2003-06-04,New Zealand,1,0,1,0
1684,2003-06-04,Philippines,12,2,10,0
1685,2003-06-04,Republic of Ireland,1,0,1,0
1686,2003-06-04,Republic of Korea,3,0,3,0
1687,2003-06-04,Romania,1,0,1,0
1688,2003-06-04,Russian Federation,1,0,0,1
1689,2003-06-04,Singapore,206,31,165,10
1690,2003-06-04,South Africa,1,1,0,0
1691,2003-06-04,Spain,1,0,1,0
1692,2003-06-04,Sweden,3,0,3,0
1693,2003-06-04,Switzerland,1,0,1,0
1694,2003-06-04,Thailand,8,2,6,0
1695,2003-06-04,United Kingdom,4,0,4,0
1696,2003-06-04,United States,69,0,34,35
1697,2003-06-04,Viet Nam,63,5,58,0
1698,2003-06-05,Brazil,2,0,2,0
1699,2003-06-05,Canada,218,31,120,67
1700,2003-06-05,China,5329,336,3770,1223
1701,2003-06-05,"Hong Kong SAR, China",1748,284,1343,121
1702,2003-06-05,"Macao SAR, China",1,0,1,0
1703,2003-06-05,"Taiwan, China",677,81,257,339
1704,2003-06-05,Colombia,1,0,1,0
1705,2003-06-05,Finland,1,0,1,0
1706,2003-06-05,France,7,0,6,1
1707,2003-06-05,Germany,10,0,9,1
1708,2003-06-05,India,3,0,3,0
1709,2003-06-05,Indonesia,2,0,2,0
1710,2003-06-05,Italy,9,0,9,0
1711,2003-06-05,Kuwait,1,0,1,0
1712,2003-06-05,Malaysia,5,2,3,0
1713,2003-06-05,Mongolia,9,0,9,0
1714,2003-06-05,New Zealand,1,0,1,0
1715,2003-06-05,Philippines,12,2,10,0
1716,2003-06-05,Republic of Ireland,1,0,1,0
1717,2003-06-05,Republic of Korea,3,0,3,0
1718,2003-06-05,Romania,1,0,1,0
1719,2003-06-05,Russian Federation,1,0,0,1
1720,2003-06-05,Singapore,206,31,165,10
1721,2003-06-05,South Africa,1,1,0,0
1722,2003-06-05,Spain,1,0,1,0
1723,2003-06-05,Sweden,3,0,3,0
1724,2003-06-05,Switzerland,1,0,1,0
1725,2003-06-05,Thailand,8,2,6,0
1726,2003-06-05,United Kingdom,4,0,4,0
1727,2003-06-05,United States,69,0,34,35
1728,2003-06-05,Viet Nam,63,5,58,0
1729,2003-06-06,Brazil,2,0,2,0
1730,2003-06-06,Canada,219,31,120,68
1731,2003-06-06,China,5329,338,3869,1122
1732,2003-06-06,"Hong Kong SAR, China",1750,286,1350,114
1733,2003-06-06,"Macao SAR, China",1,0,1,0
1734,2003-06-06,"Taiwan, China",676,81,257,338
1735,2003-06-06,Colombia,1,0,1,0
1736,2003-06-06,Finland,1,0,1,0
1737,2003-06-06,France,7,0,6,1
1738,2003-06-06,Germany,10,0,9,1
1739,2003-06-06,India,3,0,3,0
1740,2003-06-06,Indonesia,2,0,2,0
1741,2003-06-06,Italy,9,0,9,0
1742,2003-06-06,Kuwait,1,0,1,0
1743,2003-06-06,Malaysia,5,2,3,0
1744,2003-06-06,Mongolia,9,0,9,0
1745,2003-06-06,New Zealand,1,0,1,0
1746,2003-06-06,Philippines,12,2,10,0
1747,2003-06-06,Republic of Ireland,1,0,1,0
1748,2003-06-06,Republic of Korea,3,0,3,0
1749,2003-06-06,Romania,1,0,1,0
1750,2003-06-06,Russian Federation,1,0,0,1
1751,2003-06-06,Singapore,206,31,165,10
1752,2003-06-06,South Africa,1,1,0,0
1753,2003-06-06,Spain,1,0,1,0
1754,2003-06-06,Sweden,3,0,3,0
1755,2003-06-06,Switzerland,1,0,1,0
1756,2003-06-06,Thailand,8,2,6,0
1757,2003-06-06,United Kingdom,4,0,4,0
1758,2003-06-06,United States,68,0,35,33
1759,2003-06-06,Viet Nam,63,5,58,0
1760,2003-06-09,Brazil,2,0,2,0
1761,2003-06-09,Canada,229,32,128,69
1762,2003-06-09,China,5328,340,4186,802
1763,2003-06-09,"Hong Kong SAR, China",1753,288,1365,100
1764,2003-06-09,"Macao SAR, China",1,0,1,0
1765,2003-06-09,"Taiwan, China",680,81,257,342
1766,2003-06-09,Colombia,1,0,1,0
1767,2003-06-09,Finland,1,0,1,0
1768,2003-06-09,France,7,0,6,1
1769,2003-06-09,Germany,10,0,9,1
1770,2003-06-09,India,3,0,3,0
1771,2003-06-09,Indonesia,2,0,2,0
1772,2003-06-09,Italy,9,0,9,0
1773,2003-06-09,Kuwait,1,0,1,0
1774,2003-06-09,Malaysia,5,2,3,0
1775,2003-06-09,Mongolia,9,0,9,0
1776,2003-06-09,New Zealand,1,0,1,0
1777,2003-06-09,Philippines,12,2,10,0
1778,2003-06-09,Republic of Ireland,1,0,1,0
1779,2003-06-09,Republic of Korea,3,0,3,0
1780,2003-06-09,Romania,1,0,1,0
1781,2003-06-09,Russian Federation,1,0,0,1
1782,2003-06-09,Singapore,206,31,168,7
1783,2003-06-09,South Africa,1,1,0,0
1784,2003-06-09,Spain,1,0,1,0
1785,2003-06-09,Sweden,3,0,3,0
1786,2003-06-09,Switzerland,1,0,1,0
1787,2003-06-09,Thailand,9,2,6,1
1788,2003-06-09,United Kingdom,4,0,4,0
1789,2003-06-09,United States,68,0,35,33
1790,2003-06-09,Viet Nam,63,5,58,0
1791,2003-06-10,Brazil,3,0,2,1
1792,2003-06-10,Canada,229,32,131,66
1793,2003-06-10,China,5328,343,4294,691
1794,2003-06-10,"Hong Kong SAR, China",1754,290,1368,96
1795,2003-06-10,"Macao SAR, China",1,0,1,0
1796,2003-06-10,"Taiwan, China",686,81,319,286
1797,2003-06-10,Colombia,1,0,1,0
1798,2003-06-10,Finland,1,0,1,0
1799,2003-06-10,France,7,0,6,1
1800,2003-06-10,Germany,10,0,9,1
1801,2003-06-10,India,3,0,3,0
1802,2003-06-10,Indonesia,2,0,2,0
1803,2003-06-10,Italy,9,0,9,0
1804,2003-06-10,Kuwait,1,0,1,0
1805,2003-06-10,Malaysia,5,2,3,0
1806,2003-06-10,Mongolia,9,0,9,0
1807,2003-06-10,New Zealand,1,0,1,0
1808,2003-06-10,Philippines,12,2,10,0
1809,2003-06-10,Republic of Ireland,1,0,1,0
1810,2003-06-10,Republic of Korea,3,0,3,0
1811,2003-06-10,Romania,1,0,1,0
1812,2003-06-10,Russian Federation,1,0,0,1
1813,2003-06-10,Singapore,206,31,168,7
1814,2003-06-10,South Africa,1,1,0,0
1815,2003-06-10,Spain,1,0,1,0
1816,2003-06-10,Sweden,3,0,3,0
1817,2003-06-10,Switzerland,1,0,1,0
1818,2003-06-10,Thailand,9,2,6,1
1819,2003-06-10,United Kingdom,4,0,4,0
1820,2003-06-10,United States,69,0,36,33
1821,2003-06-10,Viet Nam,63,5,58,0
1822,2003-06-11,Brazil,3,0,2,1
1823,2003-06-11,Canada,230,32,134,64
1824,2003-06-11,China,5329,343,4390,596
1825,2003-06-11,"Hong Kong SAR, China",1754,290,1368,96
1826,2003-06-11,"Macao SAR, China",1,0,1,0
1827,2003-06-11,"Taiwan, China",687,81,344,262
1828,2003-06-11,Colombia,1,0,1,0
1829,2003-06-11,Finland,1,0,1,0
1830,2003-06-11,France,7,0,6,1
1831,2003-06-11,Germany,10,0,9,1
1832,2003-06-11,India,3,0,3,0
1833,2003-06-11,Indonesia,2,0,2,0
1834,2003-06-11,Italy,9,0,9,0
1835,2003-06-11,Kuwait,1,0,1,0
1836,2003-06-11,Malaysia,5,2,3,0
1837,2003-06-11,Mongolia,9,0,9,0
1838,2003-06-11,New Zealand,1,0,1,0
1839,2003-06-11,Philippines,12,2,10,0
1840,2003-06-11,Republic of Ireland,1,0,1,0
1841,2003-06-11,Republic of Korea,3,0,3,0
1842,2003-06-11,Romania,1,0,1,0
1843,2003-06-11,Russian Federation,1,0,0,1
1844,2003-06-11,Singapore,206,31,168,7
1845,2003-06-11,South Africa,1,1,0,0
1846,2003-06-11,Spain,1,0,1,0
1847,2003-06-11,Sweden,3,0,3,0
1848,2003-06-11,Switzerland,1,0,1,0
1849,2003-06-11,Thailand,9,2,6,1
1850,2003-06-11,United Kingdom,4,0,4,0
1851,2003-06-11,United States,71,0,36,35
1852,2003-06-11,Viet Nam,63,5,58,0
1853,2003-06-12,Brazil,3,0,2,1
1854,2003-06-12,Canada,238,32,141,65
1855,2003-06-12,China,5328,343,4457,528
1856,2003-06-12,"Hong Kong SAR, China",1755,291,1377,87
1857,2003-06-12,"Macao SAR, China",1,0,1,0
1858,2003-06-12,"Taiwan, China",688,81,347,260
1859,2003-06-12,Colombia,1,0,1,0
1860,2003-06-12,Finland,1,0,1,0
1861,2003-06-12,France,7,0,6,1
1862,2003-06-12,Germany,10,0,9,1
1863,2003-06-12,India,3,0,3,0
1864,2003-06-12,Indonesia,2,0,2,0
1865,2003-06-12,Italy,9,0,9,0
1866,2003-06-12,Kuwait,1,0,1,0
1867,2003-06-12,Malaysia,5,2,3,0
1868,2003-06-12,Mongolia,9,0,9,0
1869,2003-06-12,New Zealand,1,0,1,0
1870,2003-06-12,Philippines,14,2,12,0
1871,2003-06-12,Republic of Ireland,1,0,1,0
1872,2003-06-12,Republic of Korea,3,0,3,0
1873,2003-06-12,Romania,1,0,1,0
1874,2003-06-12,Russian Federation,1,0,0,1
1875,2003-06-12,Singapore,206,31,169,6
1876,2003-06-12,South Africa,1,1,0,0
1877,2003-06-12,Spain,1,0,1,0
1878,2003-06-12,Sweden,3,0,3,0
1879,2003-06-12,Switzerland,1,0,1,0
1880,2003-06-12,Thailand,9,2,6,1
1881,2003-06-12,United Kingdom,4,0,4,0
1882,2003-06-12,United States,70,0,36,34
1883,2003-06-12,Viet Nam,63,5,58,0
1884,2003-06-13,Brazil,3,0,2,1
1885,2003-06-13,Canada,242,32,150,60
1886,2003-06-13,China,5327,343,4530,454
1887,2003-06-13,"Hong Kong SAR, China",1755,293,1380,82
1888,2003-06-13,"Macao SAR, China",1,0,1,0
1889,2003-06-13,"Taiwan, China",693,81,385,227
1890,2003-06-13,Colombia,1,0,1,0
1891,2003-06-13,Finland,1,0,1,0
1892,2003-06-13,France,7,0,6,1
1893,2003-06-13,Germany,10,0,9,1
1894,2003-06-13,India,3,0,3,0
1895,2003-06-13,Indonesia,2,0,2,0
1896,2003-06-13,Italy,9,0,9,0
1897,2003-06-13,Kuwait,1,0,1,0
1898,2003-06-13,Malaysia,5,2,3,0
1899,2003-06-13,Mongolia,9,0,9,0
1900,2003-06-13,New Zealand,1,0,1,0
1901,2003-06-13,Philippines,14,2,12,0
1902,2003-06-13,Republic of Ireland,1,0,1,0
1903,2003-06-13,Republic of Korea,3,0,3,0
1904,2003-06-13,Romania,1,0,1,0
1905,2003-06-13,Russian Federation,1,0,0,1
1906,2003-06-13,Singapore,206,31,169,6
1907,2003-06-13,South Africa,1,1,0,0
1908,2003-06-13,Spain,1,0,1,0
1909,2003-06-13,Sweden,3,0,3,0
1910,2003-06-13,Switzerland,1,0,1,0
1911,2003-06-13,Thailand,9,2,6,1
1912,2003-06-13,United Kingdom,4,0,4,0
1913,2003-06-13,United States,71,0,36,35
1914,2003-06-13,Viet Nam,63,5,58,0
1915,2003-06-16,Brazil,3,0,2,1
1916,2003-06-16,Canada,243,32,156,55
1917,2003-06-16,China,5326,346,4656,324
1918,2003-06-16,"Hong Kong SAR, China",1755,295,1386,74
1919,2003-06-16,"Macao SAR, China",1,0,1,0
1920,2003-06-16,"Taiwan, China",698,83,443,172
1921,2003-06-16,Colombia,1,0,1,0
1922,2003-06-16,Finland,1,0,1,0
1923,2003-06-16,France,7,0,6,1
1924,2003-06-16,Germany,10,0,9,1
1925,2003-06-16,India,3,0,3,0
1926,2003-06-16,Indonesia,2,0,2,0
1927,2003-06-16,Italy,9,0,9,0
1928,2003-06-16,Kuwait,1,0,1,0
1929,2003-06-16,Malaysia,5,2,3,0
1930,2003-06-16,Mongolia,9,0,9,0
1931,2003-06-16,New Zealand,1,0,1,0
1932,2003-06-16,Philippines,14,2,12,0
1933,2003-06-16,Republic of Ireland,1,0,1,0
1934,2003-06-16,Republic of Korea,3,0,3,0
1935,2003-06-16,Romania,1,0,1,0
1936,2003-06-16,Russian Federation,1,0,0,1
1937,2003-06-16,Singapore,206,31,169,6
1938,2003-06-16,South Africa,1,1,0,0
1939,2003-06-16,Spain,1,0,1,0
1940,2003-06-16,Sweden,3,0,3,0
1941,2003-06-16,Switzerland,1,0,1,0
1942,2003-06-16,Thailand,9,2,6,1
1943,2003-06-16,United Kingdom,4,0,4,0
1944,2003-06-16,United States,72,0,36,36
1945,2003-06-16,Viet Nam,63,5,58,0
1946,2003-06-17,Brazil,3,0,2,1
1947,2003-06-17,Canada,247,32,171,44
1948,2003-06-17,China,5326,346,4725,255
1949,2003-06-17,"Hong Kong SAR, China",1755,295,1387,73
1950,2003-06-17,"Macao SAR, China",1,0,1,0
1951,2003-06-17,"Taiwan, China",697,83,460,154
1952,2003-06-17,Colombia,1,0,1,0
1953,2003-06-17,Finland,1,0,1,0
1954,2003-06-17,France,7,0,6,1
1955,2003-06-17,Germany,10,0,9,1
1956,2003-06-17,India,3,0,3,0
1957,2003-06-17,Indonesia,2,0,2,0
1958,2003-06-17,Italy,9,0,9,0
1959,2003-06-17,Kuwait,1,0,1,0
1960,2003-06-17,Malaysia,5,2,3,0
1961,2003-06-17,Mongolia,9,0,9,0
1962,2003-06-17,New Zealand,1,0,1,0
1963,2003-06-17,Philippines,14,2,12,0
1964,2003-06-17,Republic of Ireland,1,0,1,0
1965,2003-06-17,Republic of Korea,3,0,3,0
1966,2003-06-17,Romania,1,0,1,0
1967,2003-06-17,Russian Federation,1,0,0,1
1968,2003-06-17,Singapore,206,31,169,6
1969,2003-06-17,South Africa,1,1,0,0
1970,2003-06-17,Spain,1,0,1,0
1971,2003-06-17,Sweden,3,0,3,0
1972,2003-06-17,Switzerland,1,0,1,0
1973,2003-06-17,Thailand,9,2,6,1
1974,2003-06-17,United Kingdom,4,0,4,0
1975,2003-06-17,United States,73,0,36,37
1976,2003-06-17,Viet Nam,63,5,58,0
1977,2003-06-18,Brazil,3,0,2,1
1978,2003-06-18,Canada,246,33,176,37
1979,2003-06-18,China,5326,347,4762,217
1980,2003-06-18,"Hong Kong SAR, China",1755,295,1393,67
1981,2003-06-18,"Macao SAR, China",1,0,1,0
1982,2003-06-18,"Taiwan, China",697,83,469,145
1983,2003-06-18,Colombia,1,0,1,0
1984,2003-06-18,Finland,1,0,1,0
1985,2003-06-18,France,7,0,6,1
1986,2003-06-18,Germany,10,0,9,1
1987,2003-06-18,India,3,0,3,0
1988,2003-06-18,Indonesia,2,0,2,0
1989,2003-06-18,Italy,9,0,9,0
1990,2003-06-18,Kuwait,1,0,1,0
1991,2003-06-18,Malaysia,5,2,3,0
1992,2003-06-18,Mongolia,9,0,9,0
1993,2003-06-18,New Zealand,1,0,1,0
1994,2003-06-18,Philippines,14,2,12,0
1995,2003-06-18,Republic of Ireland,1,0,1,0
1996,2003-06-18,Republic of Korea,3,0,3,0
1997,2003-06-18,Romania,1,0,1,0
1998,2003-06-18,Russian Federation,1,0,0,1
1999,2003-06-18,Singapore,206,31,169,6
2000,2003-06-18,South Africa,1,1,0,0
2001,2003-06-18,Spain,1,0,1,0
2002,2003-06-18,Sweden,3,0,3,0
2003,2003-06-18,Switzerland,1,0,1,0
2004,2003-06-18,Thailand,9,2,6,1
2005,2003-06-18,United Kingdom,4,0,4,0
2006,2003-06-18,United States,75,0,36,39
2007,2003-06-18,Viet Nam,63,5,58,0
2008,2003-06-19,Brazil,3,0,2,1
2009,2003-06-19,Canada,245,34,175,36
2010,2003-06-19,China,5326,347,4786,193
2011,2003-06-19,"Hong Kong SAR, China",1755,296,1396,63
2012,2003-06-19,"Macao SAR, China",1,0,1,0
2013,2003-06-19,"Taiwan, China",695,84,472,139
2014,2003-06-19,Colombia,1,0,1,0
2015,2003-06-19,Finland,1,0,1,0
2016,2003-06-19,France,7,0,6,1
2017,2003-06-19,Germany,10,0,9,1
2018,2003-06-19,India,3,0,3,0
2019,2003-06-19,Indonesia,2,0,2,0
2020,2003-06-19,Italy,9,0,9,0
2021,2003-06-19,Kuwait,1,0,1,0
2022,2003-06-19,Malaysia,5,2,3,0
2023,2003-06-19,Mongolia,9,0,9,0
2024,2003-06-19,New Zealand,1,0,1,0
2025,2003-06-19,Philippines,14,2,12,0
2026,2003-06-19,Republic of Ireland,1,0,1,0
2027,2003-06-19,Republic of Korea,3,0,3,0
2028,2003-06-19,Romania,1,0,1,0
2029,2003-06-19,Russian Federation,1,0,0,1
2030,2003-06-19,Singapore,206,31,170,5
2031,2003-06-19,South Africa,1,1,0,0
2032,2003-06-19,Spain,1,0,1,0
2033,2003-06-19,Sweden,3,0,3,0
2034,2003-06-19,Switzerland,1,0,1,0
2035,2003-06-19,Thailand,9,2,6,1
2036,2003-06-19,United Kingdom,4,0,4,0
2037,2003-06-19,United States,75,0,36,39
2038,2003-06-19,Viet Nam,63,5,58,0
2039,2003-06-20,Brazil,3,0,2,1
2040,2003-06-20,Canada,245,34,180,31
2041,2003-06-20,China,5326,347,4806,173
2042,2003-06-20,"Hong Kong SAR, China",1755,296,1403,56
2043,2003-06-20,"Macao SAR, China",1,0,1,0
2044,2003-06-20,"Taiwan, China",695,84,480,131
2045,2003-06-20,Colombia,1,0,1,0
2046,2003-06-20,Finland,1,0,1,0
2047,2003-06-20,France,7,0,6,1
2048,2003-06-20,Germany,10,0,9,1
2049,2003-06-20,India,3,0,3,0
2050,2003-06-20,Indonesia,2,0,2,0
2051,2003-06-20,Italy,9,0,9,0
2052,2003-06-20,Kuwait,1,0,1,0
2053,2003-06-20,Malaysia,5,2,3,0
2054,2003-06-20,Mongolia,9,0,9,0
2055,2003-06-20,New Zealand,1,0,1,0
2056,2003-06-20,Philippines,14,2,12,0
2057,2003-06-20,Republic of Ireland,1,0,1,0
2058,2003-06-20,Republic of Korea,3,0,3,0
2059,2003-06-20,Romania,1,0,1,0
2060,2003-06-20,Russian Federation,1,0,0,1
2061,2003-06-20,Singapore,206,31,170,5
2062,2003-06-20,South Africa,1,1,0,0
2063,2003-06-20,Spain,1,0,1,0
2064,2003-06-20,Sweden,3,0,3,0
2065,2003-06-20,Switzerland,1,0,1,0
2066,2003-06-20,Thailand,9,2,6,1
2067,2003-06-20,United Kingdom,4,0,4,0
2068,2003-06-20,United States,74,0,36,38
2069,2003-06-20,Viet Nam,63,5,58,0
2070,2003-06-23,Brazil,3,0,2,1
2071,2003-06-23,Canada,246,35,182,29
2072,2003-06-23,China,5326,347,4895,84
2073,2003-06-23,"Hong Kong SAR, China",1755,296,1411,48
2074,2003-06-23,"Macao SAR, China",1,0,1,0
2075,2003-06-23,"Taiwan, China",692,84,486,122
2076,2003-06-23,Colombia,1,0,1,0
2077,2003-06-23,Finland,1,0,1,0
2078,2003-06-23,France,7,0,6,1
2079,2003-06-23,Germany,10,0,9,1
2080,2003-06-23,India,3,0,3,0
2081,2003-06-23,Indonesia,2,0,2,0
2082,2003-06-23,Italy,9,0,9,0
2083,2003-06-23,Kuwait,1,0,1,0
2084,2003-06-23,Malaysia,5,2,3,0
2085,2003-06-23,Mongolia,9,0,9,0
2086,2003-06-23,New Zealand,1,0,1,0
2087,2003-06-23,Philippines,14,2,12,0
2088,2003-06-23,Republic of Ireland,1,0,1,0
2089,2003-06-23,Republic of Korea,3,0,3,0
2090,2003-06-23,Romania,1,0,1,0
2091,2003-06-23,Russian Federation,1,0,0,1
2092,2003-06-23,Singapore,206,31,170,5
2093,2003-06-23,South Africa,1,1,0,0
2094,2003-06-23,Spain,1,0,1,0
2095,2003-06-23,Sweden,3,0,3,0
2096,2003-06-23,Switzerland,1,0,1,0
2097,2003-06-23,Thailand,9,2,7,0
2098,2003-06-23,United Kingdom,4,0,4,0
2099,2003-06-23,United States,74,0,36,38
2100,2003-06-23,Viet Nam,63,5,58,0
2101,2003-06-24,Brazil,3,0,2,1
2102,2003-06-24,Canada,249,37,188,24
2103,2003-06-24,China,5326,347,4901,78
2104,2003-06-24,"Hong Kong SAR, China",1755,296,1417,42
2105,2003-06-24,"Macao SAR, China",1,0,1,0
2106,2003-06-24,"Taiwan, China",687,84,492,111
2107,2003-06-24,Colombia,1,0,1,0
2108,2003-06-24,Finland,1,0,1,0
2109,2003-06-24,France,7,0,6,1
2110,2003-06-24,Germany,10,0,9,1
2111,2003-06-24,India,3,0,3,0
2112,2003-06-24,Indonesia,2,0,2,0
2113,2003-06-24,Italy,9,0,9,0
2114,2003-06-24,Kuwait,1,0,1,0
2115,2003-06-24,Malaysia,5,2,3,0
2116,2003-06-24,Mongolia,9,0,9,0
2117,2003-06-24,New Zealand,1,0,1,0
2118,2003-06-24,Philippines,14,2,12,0
2119,2003-06-24,Republic of Ireland,1,0,1,0
2120,2003-06-24,Republic of Korea,3,0,3,0
2121,2003-06-24,Romania,1,0,1,0
2122,2003-06-24,Russian Federation,1,0,0,1
2123,2003-06-24,Singapore,206,31,170,5
2124,2003-06-24,South Africa,1,1,0,0
2125,2003-06-24,Spain,1,0,1,0
2126,2003-06-24,Sweden,3,0,3,0
2127,2003-06-24,Switzerland,1,0,1,0
2128,2003-06-24,Thailand,9,2,7,0
2129,2003-06-24,United Kingdom,4,0,4,0
2130,2003-06-24,United States,75,0,36,39
2131,2003-06-24,Viet Nam,63,5,58,0
2132,2003-06-25,Brazil,3,0,2,1
2133,2003-06-25,Canada,250,37,188,25
2134,2003-06-25,China,5327,348,4916,63
2135,2003-06-25,"Hong Kong SAR, China",1755,296,1419,40
2136,2003-06-25,"Macao SAR, China",1,0,1,0
2137,2003-06-25,"Taiwan, China",686,84,492,110
2138,2003-06-25,Colombia,1,0,1,0
2139,2003-06-25,Finland,1,0,1,0
2140,2003-06-25,France,7,0,6,1
2141,2003-06-25,Germany,10,0,9,1
2142,2003-06-25,India,3,0,3,0
2143,2003-06-25,Indonesia,2,0,2,0
2144,2003-06-25,Italy,9,0,9,0
2145,2003-06-25,Japan,1,0,0,1
2146,2003-06-25,Kuwait,1,0,1,0
2147,2003-06-25,Malaysia,5,2,3,0
2148,2003-06-25,Mongolia,9,0,9,0
2149,2003-06-25,New Zealand,1,0,1,0
2150,2003-06-25,Philippines,14,2,12,0
2151,2003-06-25,Republic of Ireland,1,0,1,0
2152,2003-06-25,Republic of Korea,3,0,3,0
2153,2003-06-25,Romania,1,0,1,0
2154,2003-06-25,Russian Federation,1,0,0,1
2155,2003-06-25,Singapore,206,31,170,5
2156,2003-06-25,South Africa,1,1,0,0
2157,2003-06-25,Spain,1,0,1,0
2158,2003-06-25,Sweden,3,0,3,0
2159,2003-06-25,Switzerland,1,0,1,0
2160,2003-06-25,Thailand,9,2,7,0
2161,2003-06-25,United Kingdom,4,0,4,0
2162,2003-06-25,United States,75,0,36,39
2163,2003-06-25,Viet Nam,63,5,58,0
2164,2003-06-26,Brazil,3,0,2,1
2165,2003-06-26,Canada,251,37,190,24
2166,2003-06-26,China,5327,348,4921,58
2167,2003-06-26,"Hong Kong SAR, China",1755,296,1419,40
2168,2003-06-26,"Macao SAR, China",1,0,1,0
2169,2003-06-26,"Taiwan, China",682,84,491,107
2170,2003-06-26,Colombia,1,0,1,0
2171,2003-06-26,Finland,1,0,1,0
2172,2003-06-26,France,7,0,6,1
2173,2003-06-26,Germany,10,0,9,1
2174,2003-06-26,India,3,0,3,0
2175,2003-06-26,Indonesia,2,0,2,0
2176,2003-06-26,Italy,9,0,9,0
2177,2003-06-26,Japan,1,0,0,1
2178,2003-06-26,Kuwait,1,0,1,0
2179,2003-06-26,Malaysia,5,2,3,0
2180,2003-06-26,Mongolia,9,0,9,0
2181,2003-06-26,New Zealand,1,0,1,0
2182,2003-06-26,Philippines,14,2,12,0
2183,2003-06-26,Republic of Ireland,1,0,1,0
2184,2003-06-26,Republic of Korea,3,0,3,0
2185,2003-06-26,Romania,1,0,1,0
2186,2003-06-26,Russian Federation,1,0,0,1
2187,2003-06-26,Singapore,206,32,170,4
2188,2003-06-26,South Africa,1,1,0,0
2189,2003-06-26,Spain,1,0,1,0
2190,2003-06-26,Sweden,3,0,3,0
2191,2003-06-26,Switzerland,1,0,1,0
2192,2003-06-26,Thailand,9,2,7,0
2193,2003-06-26,United Kingdom,4,0,4,0
2194,2003-06-26,United States,74,0,36,38
2195,2003-06-26,Viet Nam,63,5,58,0
2196,2003-06-27,Brazil,3,0,2,1
2197,2003-06-27,Canada,251,37,191,23
2198,2003-06-27,China,5327,348,4921,58
2199,2003-06-27,"Hong Kong SAR, China",1755,297,1422,36
2200,2003-06-27,"Macao SAR, China",1,0,1,0
2201,2003-06-27,"Taiwan, China",681,84,492,105
2202,2003-06-27,Colombia,1,0,1,0
2203,2003-06-27,Finland,1,0,1,0
2204,2003-06-27,France,7,0,6,1
2205,2003-06-27,Germany,10,0,9,1
2206,2003-06-27,India,3,0,3,0
2207,2003-06-27,Indonesia,2,0,2,0
2208,2003-06-27,Italy,5,0,5,0
2209,2003-06-27,Kuwait,1,0,1,0
2210,2003-06-27,Malaysia,5,2,3,0
2211,2003-06-27,Mongolia,9,0,9,0
2212,2003-06-27,New Zealand,1,0,1,0
2213,2003-06-27,Philippines,14,2,12,0
2214,2003-06-27,Republic of Ireland,1,0,1,0
2215,2003-06-27,Republic of Korea,3,0,3,0
2216,2003-06-27,Romania,1,0,1,0
2217,2003-06-27,Russian Federation,1,0,0,1
2218,2003-06-27,Singapore,206,32,171,3
2219,2003-06-27,South Africa,1,1,0,0
2220,2003-06-27,Spain,1,0,1,0
2221,2003-06-27,Sweden,3,0,3,0
2222,2003-06-27,Switzerland,1,0,1,0
2223,2003-06-27,Thailand,9,2,7,0
2224,2003-06-27,United Kingdom,4,0,4,0
2225,2003-06-27,United States,74,0,64,10
2226,2003-06-27,Viet Nam,63,5,58,0
2227,2003-06-30,Australia,5,0,5,0
2228,2003-06-30,Brazil,3,0,2,1
2229,2003-06-30,Canada,252,37,192,23
2230,2003-06-30,China,5327,348,4927,52
2231,2003-06-30,"Hong Kong SAR, China",1755,298,1429,28
2232,2003-06-30,"Macao SAR, China",1,0,1,0
2233,2003-06-30,"Taiwan, China",678,84,495,99
2234,2003-06-30,Colombia,1,0,1,0
2235,2003-06-30,Finland,1,0,1,0
2236,2003-06-30,France,7,0,6,1
2237,2003-06-30,Germany,10,0,9,1
2238,2003-06-30,India,3,0,3,0
2239,2003-06-30,Indonesia,2,0,2,0
2240,2003-06-30,Italy,5,0,5,0
2241,2003-06-30,Kuwait,1,0,1,0
2242,2003-06-30,Malaysia,5,2,3,0
2243,2003-06-30,Mongolia,9,0,9,0
2244,2003-06-30,New Zealand,1,0,1,0
2245,2003-06-30,Philippines,14,2,12,0
2246,2003-06-30,Republic of Ireland,1,0,1,0
2247,2003-06-30,Republic of Korea,3,0,3,0
2248,2003-06-30,Romania,1,0,1,0
2249,2003-06-30,Russian Federation,1,0,0,1
2250,2003-06-30,Singapore,206,32,171,3
2251,2003-06-30,South Africa,1,1,0,0
2252,2003-06-30,Spain,1,0,1,0
2253,2003-06-30,Sweden,3,0,3,0
2254,2003-06-30,Switzerland,1,0,1,0
2255,2003-06-30,Thailand,9,2,7,0
2256,2003-06-30,United Kingdom,4,0,4,0
2257,2003-06-30,United States,73,0,63,10
2258,2003-06-30,Viet Nam,63,5,58,0
2259,2003-07-01,Brazil,1,0,1,0
2260,2003-07-01,Canada,252,38,192,22
2261,2003-07-01,China,5327,348,4930,49
2262,2003-07-01,"Hong Kong SAR, China",1755,298,1429,28
2263,2003-07-01,"Macao SAR, China",1,0,1,0
2264,2003-07-01,"Taiwan, China",678,84,498,96
2265,2003-07-01,Colombia,1,0,1,0
2266,2003-07-01,Finland,1,0,1,0
2267,2003-07-01,France,7,0,6,1
2268,2003-07-01,Germany,10,0,9,1
2269,2003-07-01,India,3,0,3,0
2270,2003-07-01,Indonesia,2,0,2,0
2271,2003-07-01,Italy,5,0,5,0
2272,2003-07-01,Kuwait,1,0,1,0
2273,2003-07-01,Malaysia,5,2,3,0
2274,2003-07-01,Mongolia,9,0,9,0
2275,2003-07-01,New Zealand,1,0,1,0
2276,2003-07-01,Philippines,14,2,12,0
2277,2003-07-01,Republic of Ireland,1,0,1,0
2278,2003-07-01,Republic of Korea,3,0,3,0
2279,2003-07-01,Romania,1,0,1,0
2280,2003-07-01,Russian Federation,1,0,0,1
2281,2003-07-01,Singapore,206,32,171,3
2282,2003-07-01,South Africa,1,1,0,0
2283,2003-07-01,Spain,1,0,1,0
2284,2003-07-01,Sweden,3,0,3,0
2285,2003-07-01,Switzerland,1,0,1,0
2286,2003-07-01,Thailand,9,2,7,0
2287,2003-07-01,United Kingdom,4,0,4,0
2288,2003-07-01,United States,73,0,63,10
2289,2003-07-01,Viet Nam,63,5,58,0
2290,2003-07-02,Brazil,1,0,1,0
2291,2003-07-02,Canada,252,38,192,22
2292,2003-07-02,China,5327,348,4933,46
2293,2003-07-02,"Hong Kong SAR, China",1755,298,1429,28
2294,2003-07-02,"Macao SAR, China",1,0,1,0
2295,2003-07-02,"Taiwan, China",676,84,498,94
2296,2003-07-02,Colombia,1,0,1,0
2297,2003-07-02,Finland,1,0,1,0
2298,2003-07-02,France,7,0,6,1
2299,2003-07-02,Germany,10,0,9,1
2300,2003-07-02,India,3,0,3,0
2301,2003-07-02,Indonesia,2,0,2,0
2302,2003-07-02,Italy,4,0,4,0
2303,2003-07-02,Kuwait,1,0,1,0
2304,2003-07-02,Malaysia,5,2,3,0
2305,2003-07-02,Mongolia,9,0,9,0
2306,2003-07-02,New Zealand,1,0,1,0
2307,2003-07-02,Philippines,14,2,12,0
2308,2003-07-02,Republic of Ireland,1,0,1,0
2309,2003-07-02,Republic of Korea,3,0,3,0
2310,2003-07-02,Romania,1,0,1,0
2311,2003-07-02,Russian Federation,1,0,0,1
2312,2003-07-02,Singapore,206,32,171,3
2313,2003-07-02,South Africa,1,1,0,0
2314,2003-07-02,Spain,1,0,1,0
2315,2003-07-02,Sweden,3,0,3,0
2316,2003-07-02,Switzerland,1,0,1,0
2317,2003-07-02,Thailand,9,2,7,0
2318,2003-07-02,United Kingdom,4,0,4,0
2319,2003-07-02,United States,73,0,63,10
2320,2003-07-02,Viet Nam,63,5,58,0
2321,2003-07-03,Brazil,1,0,1,0
2322,2003-07-03,Canada,251,38,193,20
2323,2003-07-03,China,5327,348,4933,46
2324,2003-07-03,"Hong Kong SAR, China",1755,298,1429,28
2325,2003-07-03,"Macao SAR, China",1,0,1,0
2326,2003-07-03,"Taiwan, China",674,84,498,92
2327,2003-07-03,Colombia,1,0,1,0
2328,2003-07-03,Finland,1,0,1,0
2329,2003-07-03,France,7,0,6,1
2330,2003-07-03,Germany,10,0,9,1
2331,2003-07-03,India,3,0,3,0
2332,2003-07-03,Indonesia,2,0,2,0
2333,2003-07-03,Italy,4,0,4,0
2334,2003-07-03,Kuwait,1,0,1,0
2335,2003-07-03,Malaysia,5,2,3,0
2336,2003-07-03,Mongolia,9,0,9,0
2337,2003-07-03,New Zealand,1,0,1,0
2338,2003-07-03,Philippines,14,2,12,0
2339,2003-07-03,Republic of Ireland,1,0,1,0
2340,2003-07-03,Republic of Korea,3,0,3,0
2341,2003-07-03,Romania,1,0,1,0
2342,2003-07-03,Russian Federation,1,0,0,1
2343,2003-07-03,Singapore,206,32,171,3
2344,2003-07-03,South Africa,1,1,0,0
2345,2003-07-03,Spain,1,0,1,0
2346,2003-07-03,Sweden,3,0,3,0
2347,2003-07-03,Switzerland,1,0,1,0
2348,2003-07-03,Thailand,9,2,7,0
2349,2003-07-03,United Kingdom,4,0,4,0
2350,2003-07-03,United States,73,0,65,8
2351,2003-07-03,Viet Nam,63,5,58,0
2352,2003-07-04,Brazil,1,0,1,0
2353,2003-07-04,Canada,251,38,193,20
2354,2003-07-04,China,5327,348,4934,45
2355,2003-07-04,"Hong Kong SAR, China",1755,298,1430,27
2356,2003-07-04,"Macao SAR, China",1,0,1,0
2357,2003-07-04,"Taiwan, China",674,84,500,90
2358,2003-07-04,Colombia,1,0,1,0
2359,2003-07-04,Finland,1,0,1,0
2360,2003-07-04,France,7,0,6,1
2361,2003-07-04,Germany,10,0,9,1
2362,2003-07-04,India,3,0,3,0
2363,2003-07-04,Indonesia,2,0,2,0
2364,2003-07-04,Italy,4,0,4,0
2365,2003-07-04,Kuwait,1,0,1,0
2366,2003-07-04,Malaysia,5,2,3,0
2367,2003-07-04,Mongolia,9,0,9,0
2368,2003-07-04,New Zealand,1,0,1,0
2369,2003-07-04,Philippines,14,2,12,0
2370,2003-07-04,Republic of Ireland,1,0,1,0
2371,2003-07-04,Republic of Korea,3,0,3,0
2372,2003-07-04,Romania,1,0,1,0
2373,2003-07-04,Russian Federation,1,0,0,1
2374,2003-07-04,Singapore,206,32,171,3
2375,2003-07-04,South Africa,1,1,0,0
2376,2003-07-04,Spain,1,0,1,0
2377,2003-07-04,Sweden,3,0,3,0
2378,2003-07-04,Switzerland,1,0,1,0
2379,2003-07-04,Thailand,9,2,7,0
2380,2003-07-04,United Kingdom,4,0,4,0
2381,2003-07-04,United States,73,0,65,8
2382,2003-07-04,Viet Nam,63,5,58,0
2383,2003-07-07,Brazil,1,0,1,0
2384,2003-07-07,Canada,251,38,193,20
2385,2003-07-07,China,5327,348,4934,45
2386,2003-07-07,"Hong Kong SAR, China",1755,298,1430,27
2387,2003-07-07,"Macao SAR, China",1,0,1,0
2388,2003-07-07,"Taiwan, China",674,84,500,90
2389,2003-07-07,Colombia,1,0,1,0
2390,2003-07-07,Finland,1,0,1,0
2391,2003-07-07,France,7,0,6,1
2392,2003-07-07,Germany,10,0,9,1
2393,2003-07-07,India,3,0,3,0
2394,2003-07-07,Indonesia,2,0,2,0
2395,2003-07-07,Italy,4,0,4,0
2396,2003-07-07,Kuwait,1,0,1,0
2397,2003-07-07,Malaysia,5,2,3,0
2398,2003-07-07,Mongolia,9,0,9,0
2399,2003-07-07,New Zealand,1,0,1,0
2400,2003-07-07,Philippines,14,2,12,0
2401,2003-07-07,Republic of Ireland,1,0,1,0
2402,2003-07-07,Republic of Korea,3,0,3,0
2403,2003-07-07,Romania,1,0,1,0
2404,2003-07-07,Russian Federation,1,0,0,1
2405,2003-07-07,Singapore,206,32,171,3
2406,2003-07-07,South Africa,1,1,0,0
2407,2003-07-07,Spain,1,0,1,0
2408,2003-07-07,Sweden,3,0,3,0
2409,2003-07-07,Switzerland,1,0,1,0
2410,2003-07-07,Thailand,9,2,7,0
2411,2003-07-07,United Kingdom,4,0,4,0
2412,2003-07-07,United States,73,0,65,8
2413,2003-07-07,Viet Nam,63,5,58,0
2414,2003-07-08,Brazil,1,0,1,0
2415,2003-07-08,Canada,250,38,194,18
2416,2003-07-08,China,5327,348,4934,45
2417,2003-07-08,"Hong Kong SAR, China",1755,298,1430,27
2418,2003-07-08,"Macao SAR, China",1,0,1,0
2419,2003-07-08,"Taiwan, China",671,84,502,85
2420,2003-07-08,Colombia,1,0,1,0
2421,2003-07-08,Finland,1,0,1,0
2422,2003-07-08,France,7,0,6,1
2423,2003-07-08,Germany,10,0,9,1
2424,2003-07-08,India,3,0,3,0
2425,2003-07-08,Indonesia,2,0,2,0
2426,2003-07-08,Italy,4,0,4,0
2427,2003-07-08,Kuwait,1,0,1,0
2428,2003-07-08,Malaysia,5,2,3,0
2429,2003-07-08,Mongolia,9,0,9,0
2430,2003-07-08,New Zealand,1,0,1,0
2431,2003-07-08,Philippines,14,2,12,0
2432,2003-07-08,Republic of Ireland,1,0,1,0
2433,2003-07-08,Republic of Korea,3,0,3,0
2434,2003-07-08,Romania,1,0,1,0
2435,2003-07-08,Russian Federation,1,0,0,1
2436,2003-07-08,Singapore,206,32,171,3
2437,2003-07-08,South Africa,1,1,0,0
2438,2003-07-08,Spain,1,0,1,0
2439,2003-07-08,Sweden,3,0,3,0
2440,2003-07-08,Switzerland,1,0,1,0
2441,2003-07-08,Thailand,9,2,7,0
2442,2003-07-08,United Kingdom,4,0,4,0
2443,2003-07-08,United States,74,0,64,10
2444,2003-07-08,Viet Nam,63,5,58,0
2445,2003-07-09,Brazil,1,0,1,0
2446,2003-07-09,Canada,249,38,193,18
2447,2003-07-09,China,5327,348,4939,40
2448,2003-07-09,"Hong Kong SAR, China",1755,298,1431,26
2449,2003-07-09,"Macao SAR, China",1,0,1,0
2450,2003-07-09,"Taiwan, China",671,84,504,83
2451,2003-07-09,Colombia,1,0,1,0
2452,2003-07-09,Finland,1,0,1,0
2453,2003-07-09,France,7,0,6,1
2454,2003-07-09,Germany,10,0,9,1
2455,2003-07-09,India,3,0,3,0
2456,2003-07-09,Indonesia,2,0,2,0
2457,2003-07-09,Italy,4,0,4,0
2458,2003-07-09,Kuwait,1,0,1,0
2459,2003-07-09,Malaysia,5,2,3,0
2460,2003-07-09,Mongolia,9,0,9,0
2461,2003-07-09,New Zealand,1,0,1,0
2462,2003-07-09,Philippines,14,2,12,0
2463,2003-07-09,Republic of Ireland,1,0,1,0
2464,2003-07-09,Republic of Korea,3,0,3,0
2465,2003-07-09,Romania,1,0,1,0
2466,2003-07-09,Russian Federation,1,0,0,1
2467,2003-07-09,Singapore,206,32,171,3
2468,2003-07-09,South Africa,1,1,0,0
2469,2003-07-09,Spain,1,0,1,0
2470,2003-07-09,Sweden,3,0,3,0
2471,2003-07-09,Switzerland,1,0,1,0
2472,2003-07-09,Thailand,9,2,7,0
2473,2003-07-09,United Kingdom,4,0,4,0
2474,2003-07-09,United States,75,0,67,8
2475,2003-07-09,Viet Nam,63,5,58,0
2476,2003-07-10,Brazil,1,0,1,0
2477,2003-07-10,Canada,250,38,194,18
2478,2003-07-10,China,5327,348,4941,38
2479,2003-07-10,"Hong Kong SAR, China",1755,298,1431,26
2480,2003-07-10,"Macao SAR, China",1,0,1,0
2481,2003-07-10,"Taiwan, China",671,84,506,81
2482,2003-07-10,Colombia,1,0,1,0
2483,2003-07-10,Finland,1,0,1,0
2484,2003-07-10,France,7,0,6,1
2485,2003-07-10,Germany,10,0,9,1
2486,2003-07-10,India,3,0,3,0
2487,2003-07-10,Indonesia,2,0,2,0
2488,2003-07-10,Italy,4,0,4,0
2489,2003-07-10,Kuwait,1,0,1,0
2490,2003-07-10,Malaysia,5,2,3,0
2491,2003-07-10,Mongolia,9,0,9,0
2492,2003-07-10,New Zealand,1,0,1,0
2493,2003-07-10,Philippines,14,2,12,0
2494,2003-07-10,Republic of Ireland,1,0,1,0
2495,2003-07-10,Republic of Korea,3,0,3,0
2496,2003-07-10,Romania,1,0,1,0
2497,2003-07-10,Russian Federation,1,0,0,1
2498,2003-07-10,Singapore,206,32,172,2
2499,2003-07-10,South Africa,1,1,0,0
2500,2003-07-10,Spain,1,0,1,0
2501,2003-07-10,Sweden,3,0,3,0
2502,2003-07-10,Switzerland,1,0,1,0
2503,2003-07-10,Thailand,9,2,7,0
2504,2003-07-10,United Kingdom,4,0,4,0
2505,2003-07-10,United States,75,0,67,8
2506,2003-07-10,Viet Nam,63,5,58,0
2507,2003-07-11,Brazil,1,0,1,0
2508,2003-07-11,Canada,250,38,194,18
2509,2003-07-11,China,5327,348,4941,38
2510,2003-07-11,"Hong Kong SAR, China",1755,298,1433,24
2511,2003-07-11,"Macao SAR, China",1,0,1,0
2512,2003-07-11,"Taiwan, China",671,84,507,80
2513,2003-07-11,Colombia,1,0,1,0
2514,2003-07-11,Finland,1,0,1,0
2515,2003-07-11,France,7,1,6,0
2516,2003-07-11,Germany,10,0,9,1
2517,2003-07-11,India,3,0,3,0
2518,2003-07-11,Indonesia,2,0,2,0
2519,2003-07-11,Italy,4,0,4,0
2520,2003-07-11,Kuwait,1,0,1,0
2521,2003-07-11,Malaysia,5,2,3,0
2522,2003-07-11,Mongolia,9,0,9,0
2523,2003-07-11,New Zealand,1,0,1,0
2524,2003-07-11,Philippines,14,2,12,0
2525,2003-07-11,Republic of Ireland,1,0,1,0
2526,2003-07-11,Republic of Korea,3,0,3,0
2527,2003-07-11,Romania,1,0,1,0
2528,2003-07-11,Russian Federation,1,0,0,1
2529,2003-07-11,Singapore,206,32,172,2
2530,2003-07-11,South Africa,1,1,0,0
2531,2003-07-11,Spain,1,0,1,0
2532,2003-07-11,Sweden,3,0,3,0
2533,2003-07-11,Switzerland,1,0,1,0
2534,2003-07-11,Thailand,9,2,7,0
2535,2003-07-11,United Kingdom,4,0,4,0
2536,2003-07-11,United States,75,0,67,8
2537,2003-07-11,Viet Nam,63,5,58,0
